model,fips_state,hyperparameter,initial_guess,season_2025-2026,exclude_None
SIR-1S,0,rho_h_s_0,0.452596207,0.474908321,0.450979914
SIR-1S,0,rho_h_scale_0,0.011972654,0.010743019,0.012684971
SIR-1S,0,f_R_mu_0,0.343747139,0.371064802,0.351847559
SIR-1S,0,f_R_sigma_0,0.027987961,0.026556157,0.011470776
SIR-1S,0,f_I_s_0,1.103905244,0.836638355,0.670700313
SIR-1S,0,f_I_scale_0,6.34E-05,7.27E-05,7.13E-05
SIR-1S,0,beta_mu_0,0.453525879,0.479965293,0.458226178
SIR-1S,0,beta_sigma_0,0.006954452,0.012682846,0.00666426
SIR-1S,0,delta_beta_temporal_mu_0,0.06696715,0.060867505,0.047013121
SIR-1S,0,delta_beta_temporal_mu_1,0.116215216,0.091912832,0.106831703
SIR-1S,0,delta_beta_temporal_mu_2,0.110754157,0.071081054,0.097638241
SIR-1S,0,delta_beta_temporal_mu_3,0.130535584,0.092366882,0.120000007
SIR-1S,0,delta_beta_temporal_mu_4,0.276513735,0.232169752,0.258697525
SIR-1S,0,delta_beta_temporal_mu_5,-0.071771802,-0.049985462,-0.068493272
SIR-1S,0,delta_beta_temporal_mu_6,-0.001665684,0.035974953,-0.000552804
SIR-1S,0,delta_beta_temporal_mu_7,0.074395114,0.060577517,0.068669015
SIR-1S,0,delta_beta_temporal_mu_8,0.010803139,0.024302791,0.005093125
SIR-1S,0,delta_beta_temporal_mu_9,-0.002629326,0.008575687,-0.005066325
SIR-1S,0,delta_beta_temporal_mu_10,-0.053589744,-0.008063399,-0.038018986
SIR-1S,0,delta_beta_temporal_mu_11,-0.010033117,0.007592315,-0.01144796
SIR-1S,0,delta_beta_temporal_sigma_0,0.053118556,0.04847245,0.07925588
SIR-1S,0,delta_beta_temporal_sigma_1,0.009246121,0.026796481,0.016417891
SIR-1S,0,delta_beta_temporal_sigma_2,0.047435275,0.044728005,0.049492795
SIR-1S,0,delta_beta_temporal_sigma_3,0.035123302,0.029766017,0.037818919
SIR-1S,0,delta_beta_temporal_sigma_4,0.035264488,0.029370345,0.056272386
SIR-1S,0,delta_beta_temporal_sigma_5,0.045394724,0.036998043,0.053115976
SIR-1S,0,delta_beta_temporal_sigma_6,0.076086468,0.052692946,0.08898266
SIR-1S,0,delta_beta_temporal_sigma_7,0.019181489,0.032121883,0.012748827
SIR-1S,0,delta_beta_temporal_sigma_8,0.091827086,0.108146718,0.090591669
SIR-1S,0,delta_beta_temporal_sigma_9,0.064606134,0.086393878,0.069870589
SIR-1S,0,delta_beta_temporal_sigma_10,0.08956108,0.091152931,0.09660453
SIR-1S,0,delta_beta_temporal_sigma_11,0.105669291,0.132752216,0.101269739
SIR-1S,1,rho_h_s_0,0.293932782,0.348360378,0.21616489
SIR-1S,1,rho_h_scale_0,0.005349047,0.006686308,0.007949361
SIR-1S,1,f_R_mu_0,0.29144211,0.329840122,0.341231816
SIR-1S,1,f_R_sigma_0,0.023364735,0.022403166,0.019985423
SIR-1S,1,f_I_s_0,1.48279517,0.70552083,0.536971934
SIR-1S,1,f_I_scale_0,4.16E-05,8.22E-05,8.07E-05
SIR-1S,1,beta_mu_0,0.4641102,0.478353536,0.471137163
SIR-1S,1,beta_sigma_0,0.00839467,0.013764663,0.012796663
SIR-1S,1,delta_beta_temporal_mu_0,-0.052572692,-0.00997445,-0.010604199
SIR-1S,1,delta_beta_temporal_mu_1,-0.002539417,0.001492447,0.025792963
SIR-1S,1,delta_beta_temporal_mu_2,-0.014009942,-0.004222046,0.004747262
SIR-1S,1,delta_beta_temporal_mu_3,0.08600334,0.071830983,0.096423558
SIR-1S,1,delta_beta_temporal_mu_4,0.166457618,0.170659772,0.22822582
SIR-1S,1,delta_beta_temporal_mu_5,-0.138459882,-0.106304816,-0.140447127
SIR-1S,1,delta_beta_temporal_mu_6,-0.02395017,0.001786245,-0.007556211
SIR-1S,1,delta_beta_temporal_mu_7,0.057757902,-0.004651018,0.049248768
SIR-1S,1,delta_beta_temporal_mu_8,-0.026271311,0.000375203,-0.046528473
SIR-1S,1,delta_beta_temporal_mu_9,0.024019519,0.08523697,0.013251586
SIR-1S,1,delta_beta_temporal_mu_10,-0.003430827,0.011491629,-0.014906781
SIR-1S,1,delta_beta_temporal_mu_11,-0.005750471,-0.046025714,-0.040241976
SIR-1S,1,delta_beta_temporal_sigma_0,0.052662399,0.04057902,0.041999335
SIR-1S,1,delta_beta_temporal_sigma_1,0.016356296,0.026635366,0.027508073
SIR-1S,1,delta_beta_temporal_sigma_2,0.032280157,0.039085152,0.030961921
SIR-1S,1,delta_beta_temporal_sigma_3,0.03505146,0.04184437,0.039361025
SIR-1S,1,delta_beta_temporal_sigma_4,0.053633004,0.040769701,0.040647722
SIR-1S,1,delta_beta_temporal_sigma_5,0.069513515,0.068058692,0.046984657
SIR-1S,1,delta_beta_temporal_sigma_6,0.054710424,0.088196415,0.077384533
SIR-1S,1,delta_beta_temporal_sigma_7,0.094758104,0.042192127,0.080712575
SIR-1S,1,delta_beta_temporal_sigma_8,0.067469408,0.058101506,0.040151902
SIR-1S,1,delta_beta_temporal_sigma_9,0.084967546,0.041900039,0.102330201
SIR-1S,1,delta_beta_temporal_sigma_10,0.054156977,0.049472328,0.035202423
SIR-1S,1,delta_beta_temporal_sigma_11,0.046342901,0.053286445,0.041714393
SIR-1S,2,rho_h_s_0,0.362481263,0.150439801,0.123825138
SIR-1S,2,rho_h_scale_0,0.003355149,0.009784923,0.009708847
SIR-1S,2,f_R_mu_0,0.302211514,0.351348945,0.356946505
SIR-1S,2,f_R_sigma_0,0.004719892,0.024546412,0.016157832
SIR-1S,2,f_I_s_0,1.379488649,0.331280453,0.241094031
SIR-1S,2,f_I_scale_0,0.000132077,0.000382597,0.000312792
SIR-1S,2,beta_mu_0,0.474053679,0.466382054,0.470862438
SIR-1S,2,beta_sigma_0,0.00583182,0.018082804,0.011408526
SIR-1S,2,delta_beta_temporal_mu_0,-0.015334314,-0.001044804,0.012213735
SIR-1S,2,delta_beta_temporal_mu_1,-0.015637267,-0.030934715,-0.016095636
SIR-1S,2,delta_beta_temporal_mu_2,-0.009454224,-0.045732629,-0.014770908
SIR-1S,2,delta_beta_temporal_mu_3,0.020610932,-0.024228699,-0.000313919
SIR-1S,2,delta_beta_temporal_mu_4,0.049126786,0.019267254,0.066350514
SIR-1S,2,delta_beta_temporal_mu_5,-0.022179394,0.000127482,-0.016786601
SIR-1S,2,delta_beta_temporal_mu_6,-0.025174726,-0.035734655,-0.053754751
SIR-1S,2,delta_beta_temporal_mu_7,0.030198896,0.042983777,0.02344855
SIR-1S,2,delta_beta_temporal_mu_8,0.044978696,0.066487045,0.04180412
SIR-1S,2,delta_beta_temporal_mu_9,0.034496161,-0.005805863,0.028042278
SIR-1S,2,delta_beta_temporal_mu_10,0.011625986,0.0124138,0.008844561
SIR-1S,2,delta_beta_temporal_mu_11,0.009938633,-0.011458458,-0.003275873
SIR-1S,2,delta_beta_temporal_sigma_0,0.035021851,0.072956817,0.060418632
SIR-1S,2,delta_beta_temporal_sigma_1,0.003399528,0.026154438,0.020725081
SIR-1S,2,delta_beta_temporal_sigma_2,0.031771293,0.068379935,0.065387046
SIR-1S,2,delta_beta_temporal_sigma_3,0.045349644,0.08352731,0.100479852
SIR-1S,2,delta_beta_temporal_sigma_4,0.064621896,0.054369896,0.098252942
SIR-1S,2,delta_beta_temporal_sigma_5,0.029755278,0.058717322,0.047685348
SIR-1S,2,delta_beta_temporal_sigma_6,0.035605234,0.069314787,0.053879048
SIR-1S,2,delta_beta_temporal_sigma_7,0.0165544,0.053775008,0.040127335
SIR-1S,2,delta_beta_temporal_sigma_8,0.035042297,0.071522339,0.049493501
SIR-1S,2,delta_beta_temporal_sigma_9,0.010565857,0.024678929,0.038815411
SIR-1S,2,delta_beta_temporal_sigma_10,0.004700132,0.027332633,0.022122442
SIR-1S,2,delta_beta_temporal_sigma_11,0.007281284,0.015029453,0.0232433
SIR-1S,4,rho_h_s_0,0.369032606,0.185684262,0.126323816
SIR-1S,4,rho_h_scale_0,0.008864837,0.015998672,0.01622382
SIR-1S,4,f_R_mu_0,0.269244674,0.309808079,0.332053847
SIR-1S,4,f_R_sigma_0,0.031268023,0.029238046,0.033567859
SIR-1S,4,f_I_s_0,0.43657161,0.137632278,0.09838136
SIR-1S,4,f_I_scale_0,2.65E-05,3.05E-05,3.98E-05
SIR-1S,4,beta_mu_0,0.457138813,0.463357581,0.463586718
SIR-1S,4,beta_sigma_0,0.005072096,0.01191333,0.011971896
SIR-1S,4,delta_beta_temporal_mu_0,-0.009893957,0.042411771,0.009403678
SIR-1S,4,delta_beta_temporal_mu_1,0.00240163,0.066379397,0.051413195
SIR-1S,4,delta_beta_temporal_mu_2,-0.017769074,-0.001292114,0.024949408
SIR-1S,4,delta_beta_temporal_mu_3,0.013761278,0.005441252,0.036192871
SIR-1S,4,delta_beta_temporal_mu_4,0.131140232,0.120960498,0.178927444
SIR-1S,4,delta_beta_temporal_mu_5,-0.167220698,-0.152343892,-0.169407182
SIR-1S,4,delta_beta_temporal_mu_6,-0.072337616,-0.077071583,-0.043363139
SIR-1S,4,delta_beta_temporal_mu_7,-0.042381014,-0.099628144,-0.023269306
SIR-1S,4,delta_beta_temporal_mu_8,-0.010240235,0.019038288,-0.013132658
SIR-1S,4,delta_beta_temporal_mu_9,-0.052426297,-0.049700638,-0.057329695
SIR-1S,4,delta_beta_temporal_mu_10,-0.053527699,-0.050720915,-0.071638266
SIR-1S,4,delta_beta_temporal_mu_11,-0.014273119,-0.002883337,-0.045656366
SIR-1S,4,delta_beta_temporal_sigma_0,0.065980565,0.059111308,0.043718334
SIR-1S,4,delta_beta_temporal_sigma_1,0.031504915,0.051720004,0.031993745
SIR-1S,4,delta_beta_temporal_sigma_2,0.032837906,0.0190476,0.029552704
SIR-1S,4,delta_beta_temporal_sigma_3,0.043883523,0.055150494,0.045380401
SIR-1S,4,delta_beta_temporal_sigma_4,0.059309583,0.04463467,0.103747551
SIR-1S,4,delta_beta_temporal_sigma_5,0.01613479,0.024671934,0.026924059
SIR-1S,4,delta_beta_temporal_sigma_6,0.042284101,0.053582691,0.041868607
SIR-1S,4,delta_beta_temporal_sigma_7,0.140740836,0.152043977,0.146986345
SIR-1S,4,delta_beta_temporal_sigma_8,0.03620507,0.022532255,0.054848638
SIR-1S,4,delta_beta_temporal_sigma_9,0.02719979,0.029950756,0.0466837
SIR-1S,4,delta_beta_temporal_sigma_10,0.029795059,0.047188276,0.050786354
SIR-1S,4,delta_beta_temporal_sigma_11,0.056564651,0.051173333,0.043292595
SIR-1S,5,rho_h_s_0,0.226157715,0.088815447,0.215284896
SIR-1S,5,rho_h_scale_0,0.005613987,0.008666656,0.008011945
SIR-1S,5,f_R_mu_0,0.287894256,0.332659779,0.336292439
SIR-1S,5,f_R_sigma_0,0.009025689,0.025918017,0.016700889
SIR-1S,5,f_I_s_0,1.084733002,0.445704417,0.224711846
SIR-1S,5,f_I_scale_0,1.95E-05,6.53E-05,5.54E-05
SIR-1S,5,beta_mu_0,0.471406856,0.470532761,0.477242957
SIR-1S,5,beta_sigma_0,0.006383035,0.010534368,0.010601843
SIR-1S,5,delta_beta_temporal_mu_0,-0.051041738,-0.042384431,-0.046404208
SIR-1S,5,delta_beta_temporal_mu_1,-0.024297614,-0.033186086,-0.005307231
SIR-1S,5,delta_beta_temporal_mu_2,-0.002612685,-0.001789893,0.012031349
SIR-1S,5,delta_beta_temporal_mu_3,0.004623493,0.004335963,-0.00706928
SIR-1S,5,delta_beta_temporal_mu_4,0.121222886,0.215148793,0.210950276
SIR-1S,5,delta_beta_temporal_mu_5,-0.077693758,-0.001944405,-0.071334192
SIR-1S,5,delta_beta_temporal_mu_6,0.044236449,0.06006291,0.045901092
SIR-1S,5,delta_beta_temporal_mu_7,0.078951071,0.064084987,0.057852114
SIR-1S,5,delta_beta_temporal_mu_8,0.007245469,0.011361,0.004533953
SIR-1S,5,delta_beta_temporal_mu_9,0.050829063,0.072713437,0.027048679
SIR-1S,5,delta_beta_temporal_mu_10,-0.030228913,-0.060585684,-0.090878023
SIR-1S,5,delta_beta_temporal_mu_11,-0.000978541,0.001176616,-0.004608746
SIR-1S,5,delta_beta_temporal_sigma_0,0.014302555,0.070258216,0.043864788
SIR-1S,5,delta_beta_temporal_sigma_1,0.017575924,0.042066208,0.041984586
SIR-1S,5,delta_beta_temporal_sigma_2,0.033364124,0.034801794,0.057088213
SIR-1S,5,delta_beta_temporal_sigma_3,0.017206677,0.044057818,0.034511151
SIR-1S,5,delta_beta_temporal_sigma_4,0.020514644,0.053607909,0.036596339
SIR-1S,5,delta_beta_temporal_sigma_5,0.074655589,0.047817411,0.091642819
SIR-1S,5,delta_beta_temporal_sigma_6,0.044414255,0.089057495,0.07517031
SIR-1S,5,delta_beta_temporal_sigma_7,0.046011974,0.03186532,0.035111636
SIR-1S,5,delta_beta_temporal_sigma_8,0.063266452,0.06684105,0.044839881
SIR-1S,5,delta_beta_temporal_sigma_9,0.024162444,0.014346546,0.042941867
SIR-1S,5,delta_beta_temporal_sigma_10,0.012129117,0.049798929,0.035487464
SIR-1S,5,delta_beta_temporal_sigma_11,0.032208208,0.04622515,0.03637007
SIR-1S,6,rho_h_s_0,0.43611524,0.390701729,0.300347886
SIR-1S,6,rho_h_scale_0,0.005589986,0.006532183,0.008265613
SIR-1S,6,f_R_mu_0,0.298877424,0.348432955,0.34170139
SIR-1S,6,f_R_sigma_0,0.041396165,0.030232198,0.021669102
SIR-1S,6,f_I_s_0,0.940993211,0.559997656,0.419653287
SIR-1S,6,f_I_scale_0,4.57E-05,5.42E-05,6.25E-05
SIR-1S,6,beta_mu_0,0.453412435,0.472783956,0.457641452
SIR-1S,6,beta_sigma_0,0.008179003,0.014807213,0.009610845
SIR-1S,6,delta_beta_temporal_mu_0,-0.029640232,-0.010665844,0.001960376
SIR-1S,6,delta_beta_temporal_mu_1,0.061898364,0.146719457,0.084412194
SIR-1S,6,delta_beta_temporal_mu_2,0.055330272,0.094078008,0.085343843
SIR-1S,6,delta_beta_temporal_mu_3,0.075157,0.076608529,0.112507164
SIR-1S,6,delta_beta_temporal_mu_4,0.149343242,0.140728229,0.176663118
SIR-1S,6,delta_beta_temporal_mu_5,-0.088586078,-0.095820762,-0.068932454
SIR-1S,6,delta_beta_temporal_mu_6,0.004448859,-0.00071318,0.01072068
SIR-1S,6,delta_beta_temporal_mu_7,-0.01990795,-0.048278772,-0.00412028
SIR-1S,6,delta_beta_temporal_mu_8,-0.075742381,-0.05786578,-0.079306185
SIR-1S,6,delta_beta_temporal_mu_9,-0.051283764,-0.016461878,-0.051127888
SIR-1S,6,delta_beta_temporal_mu_10,-0.016465375,0.00428974,-0.018860249
SIR-1S,6,delta_beta_temporal_mu_11,0.012249729,0.053061719,-0.003125971
SIR-1S,6,delta_beta_temporal_sigma_0,0.01554702,0.026692097,0.026287258
SIR-1S,6,delta_beta_temporal_sigma_1,0.084686279,0.085695403,0.12752868
SIR-1S,6,delta_beta_temporal_sigma_2,0.030555777,0.040599161,0.039904979
SIR-1S,6,delta_beta_temporal_sigma_3,0.03947185,0.034924621,0.020756596
SIR-1S,6,delta_beta_temporal_sigma_4,0.058596985,0.025472594,0.058159211
SIR-1S,6,delta_beta_temporal_sigma_5,0.043433424,0.025330247,0.03736493
SIR-1S,6,delta_beta_temporal_sigma_6,0.030458199,0.077908916,0.065375671
SIR-1S,6,delta_beta_temporal_sigma_7,0.074308912,0.013840116,0.074970383
SIR-1S,6,delta_beta_temporal_sigma_8,0.061647618,0.072315876,0.043528717
SIR-1S,6,delta_beta_temporal_sigma_9,0.046362982,0.049909742,0.048354629
SIR-1S,6,delta_beta_temporal_sigma_10,0.070006701,0.066348575,0.064072147
SIR-1S,6,delta_beta_temporal_sigma_11,0.086866013,0.069395065,0.074408209
SIR-1S,8,rho_h_s_0,0.195412899,0.248062322,0.174652154
SIR-1S,8,rho_h_scale_0,0.004578732,0.006432608,0.006035099
SIR-1S,8,f_R_mu_0,0.281595669,0.335501449,0.322558613
SIR-1S,8,f_R_sigma_0,0.012357618,0.023009585,0.016796382
SIR-1S,8,f_I_s_0,0.766168996,0.372764453,0.30411216
SIR-1S,8,f_I_scale_0,1.94E-05,4.73E-05,3.75E-05
SIR-1S,8,beta_mu_0,0.470061561,0.476389589,0.477938269
SIR-1S,8,beta_sigma_0,0.001146579,0.007780826,0.005055747
SIR-1S,8,delta_beta_temporal_mu_0,-0.015461834,-0.007984002,-0.00719632
SIR-1S,8,delta_beta_temporal_mu_1,0.030673533,0.09062374,0.061119136
SIR-1S,8,delta_beta_temporal_mu_2,0.025748703,0.016346691,0.025273396
SIR-1S,8,delta_beta_temporal_mu_3,0.001034264,0.00874058,0.007899364
SIR-1S,8,delta_beta_temporal_mu_4,0.135268103,0.143954445,0.15460605
SIR-1S,8,delta_beta_temporal_mu_5,-0.118042815,-0.070190586,-0.113698824
SIR-1S,8,delta_beta_temporal_mu_6,-0.096532438,-0.023096343,-0.071054151
SIR-1S,8,delta_beta_temporal_mu_7,0.037119103,0.057822915,0.038417557
SIR-1S,8,delta_beta_temporal_mu_8,0.014130678,-0.033170835,-0.010818178
SIR-1S,8,delta_beta_temporal_mu_9,0.034049314,0.01103819,0.015008698
SIR-1S,8,delta_beta_temporal_mu_10,0.00153418,0.007400866,-0.003077913
SIR-1S,8,delta_beta_temporal_mu_11,0.017853678,-0.003756849,-0.002343922
SIR-1S,8,delta_beta_temporal_sigma_0,0.007804451,0.017629201,0.021073353
SIR-1S,8,delta_beta_temporal_sigma_1,0.04418246,0.08063436,0.065869323
SIR-1S,8,delta_beta_temporal_sigma_2,0.030138033,0.021393866,0.039158271
SIR-1S,8,delta_beta_temporal_sigma_3,0.017273709,0.011599616,0.028610606
SIR-1S,8,delta_beta_temporal_sigma_4,0.060238992,0.123263414,0.085456769
SIR-1S,8,delta_beta_temporal_sigma_5,0.051668874,0.041454527,0.063487171
SIR-1S,8,delta_beta_temporal_sigma_6,0.065834282,0.041954857,0.082782085
SIR-1S,8,delta_beta_temporal_sigma_7,0.028541412,0.073086086,0.044833061
SIR-1S,8,delta_beta_temporal_sigma_8,0.049424487,0.026193946,0.036175098
SIR-1S,8,delta_beta_temporal_sigma_9,0.048561168,0.04124977,0.041019762
SIR-1S,8,delta_beta_temporal_sigma_10,0.057082126,0.062557969,0.042405678
SIR-1S,8,delta_beta_temporal_sigma_11,0.012717168,0.041194407,0.028444787
SIR-1S,9,rho_h_s_0,0.104484385,0.188608471,0.110674682
SIR-1S,9,rho_h_scale_0,0.004896958,0.006439952,0.005639552
SIR-1S,9,f_R_mu_0,0.28848982,0.339843236,0.32294286
SIR-1S,9,f_R_sigma_0,0.010833746,0.030407165,0.021867624
SIR-1S,9,f_I_s_0,0.950695812,0.615984613,0.321122894
SIR-1S,9,f_I_scale_0,9.21E-06,3.31E-05,2.26E-05
SIR-1S,9,beta_mu_0,0.481604131,0.474265292,0.486868861
SIR-1S,9,beta_sigma_0,0.007604885,0.017062043,0.012597988
SIR-1S,9,delta_beta_temporal_mu_0,-0.039294689,-0.047246996,-0.056433476
SIR-1S,9,delta_beta_temporal_mu_1,-0.029481983,-0.009991133,-0.01968609
SIR-1S,9,delta_beta_temporal_mu_2,0.029411424,0.026453497,0.033719127
SIR-1S,9,delta_beta_temporal_mu_3,0.047986466,0.046013765,0.038930128
SIR-1S,9,delta_beta_temporal_mu_4,0.125265398,0.117464146,0.124203208
SIR-1S,9,delta_beta_temporal_mu_5,-0.095627869,-0.044202634,-0.076100004
SIR-1S,9,delta_beta_temporal_mu_6,-0.102941289,-0.01597352,-0.057401977
SIR-1S,9,delta_beta_temporal_mu_7,-0.01825315,0.031023969,0.01015558
SIR-1S,9,delta_beta_temporal_mu_8,0.0326599,0.021577677,0.030638192
SIR-1S,9,delta_beta_temporal_mu_9,0.013395844,-0.013001695,-0.004078577
SIR-1S,9,delta_beta_temporal_mu_10,0.040207324,-0.013069302,0.010540634
SIR-1S,9,delta_beta_temporal_mu_11,0.061945669,0.059200764,0.077098542
SIR-1S,9,delta_beta_temporal_sigma_0,0.006565038,0.025702765,0.025593302
SIR-1S,9,delta_beta_temporal_sigma_1,0.025785984,0.047537955,0.04798096
SIR-1S,9,delta_beta_temporal_sigma_2,0.049344934,0.112386279,0.07204626
SIR-1S,9,delta_beta_temporal_sigma_3,0.029156119,0.052951536,0.039211817
SIR-1S,9,delta_beta_temporal_sigma_4,0.0709041,0.123929651,0.092541748
SIR-1S,9,delta_beta_temporal_sigma_5,0.033359311,0.020733979,0.047287965
SIR-1S,9,delta_beta_temporal_sigma_6,0.110404151,0.064922059,0.137355352
SIR-1S,9,delta_beta_temporal_sigma_7,0.04180051,0.049962151,0.048004763
SIR-1S,9,delta_beta_temporal_sigma_8,0.081419595,0.113318757,0.077354497
SIR-1S,9,delta_beta_temporal_sigma_9,0.0701187,0.052062208,0.04939058
SIR-1S,9,delta_beta_temporal_sigma_10,0.060034889,0.028158366,0.041938611
SIR-1S,9,delta_beta_temporal_sigma_11,0.02594615,0.050126842,0.032427993
SIR-1S,10,rho_h_s_0,0.380914034,0.213695659,0.262103811
SIR-1S,10,rho_h_scale_0,0.004847211,0.008185368,0.008910742
SIR-1S,10,f_R_mu_0,0.28214221,0.354983726,0.339659212
SIR-1S,10,f_R_sigma_0,0.016275796,0.033187892,0.020686129
SIR-1S,10,f_I_s_0,0.904537786,0.194621222,0.204072004
SIR-1S,10,f_I_scale_0,1.46E-05,7.23E-05,4.19E-05
SIR-1S,10,beta_mu_0,0.474041901,0.474406651,0.477515985
SIR-1S,10,beta_sigma_0,0.004035989,0.014455871,0.012245553
SIR-1S,10,delta_beta_temporal_mu_0,-0.049446082,-0.060829537,-0.001417641
SIR-1S,10,delta_beta_temporal_mu_1,-0.029221537,-0.012747659,-0.001902972
SIR-1S,10,delta_beta_temporal_mu_2,-0.008767621,-0.005156683,0.001934645
SIR-1S,10,delta_beta_temporal_mu_3,0.059204619,0.080934147,0.074680354
SIR-1S,10,delta_beta_temporal_mu_4,0.128416389,0.247755207,0.263845376
SIR-1S,10,delta_beta_temporal_mu_5,-0.069059226,-0.075228929,-0.070663722
SIR-1S,10,delta_beta_temporal_mu_6,-0.038440322,-0.029878829,-0.028140097
SIR-1S,10,delta_beta_temporal_mu_7,0.056887878,0.051719591,0.045273221
SIR-1S,10,delta_beta_temporal_mu_8,0.047482193,-0.004602786,0.020748584
SIR-1S,10,delta_beta_temporal_mu_9,0.041923746,-0.004801145,-0.001818287
SIR-1S,10,delta_beta_temporal_mu_10,0.024708936,-0.008132007,-0.002859915
SIR-1S,10,delta_beta_temporal_mu_11,0.006088234,-0.027125734,-0.000590176
SIR-1S,10,delta_beta_temporal_sigma_0,0.006229165,0.056062565,0.025476823
SIR-1S,10,delta_beta_temporal_sigma_1,0.00184829,0.045702454,0.016658229
SIR-1S,10,delta_beta_temporal_sigma_2,0.014964085,0.038919407,0.034226378
SIR-1S,10,delta_beta_temporal_sigma_3,0.014276783,0.047246354,0.041388666
SIR-1S,10,delta_beta_temporal_sigma_4,0.02668337,0.054325765,0.043829083
SIR-1S,10,delta_beta_temporal_sigma_5,0.023209563,0.06620984,0.037122127
SIR-1S,10,delta_beta_temporal_sigma_6,0.023201903,0.032786518,0.068960229
SIR-1S,10,delta_beta_temporal_sigma_7,0.059764263,0.089869766,0.073246885
SIR-1S,10,delta_beta_temporal_sigma_8,0.034319785,0.051143635,0.044606632
SIR-1S,10,delta_beta_temporal_sigma_9,0.01963337,0.021523347,0.043817048
SIR-1S,10,delta_beta_temporal_sigma_10,0.016297049,0.036725248,0.032188032
SIR-1S,10,delta_beta_temporal_sigma_11,0.01221627,0.005906179,0.032261155
SIR-1S,11,rho_h_s_0,0.437435247,0.196903313,0.257381235
SIR-1S,11,rho_h_scale_0,0.004834241,0.010065691,0.009798338
SIR-1S,11,f_R_mu_0,0.282366998,0.34588798,0.341476908
SIR-1S,11,f_R_sigma_0,0.012115212,0.027759006,0.020322003
SIR-1S,11,f_I_s_0,1.133619753,0.38656933,0.183358603
SIR-1S,11,f_I_scale_0,1.74E-05,2.69E-05,5.53E-05
SIR-1S,11,beta_mu_0,0.475649052,0.478245437,0.48148654
SIR-1S,11,beta_sigma_0,0.006381579,0.018943,0.010959186
SIR-1S,11,delta_beta_temporal_mu_0,-0.041741893,-0.014488639,-0.010180594
SIR-1S,11,delta_beta_temporal_mu_1,-0.017394379,0.015230833,0.001232827
SIR-1S,11,delta_beta_temporal_mu_2,0.004404968,0.008843569,0.024626461
SIR-1S,11,delta_beta_temporal_mu_3,0.027037154,0.038029338,0.030743943
SIR-1S,11,delta_beta_temporal_mu_4,0.090672199,0.156722728,0.159069344
SIR-1S,11,delta_beta_temporal_mu_5,-0.02598448,-0.086656111,-0.06151685
SIR-1S,11,delta_beta_temporal_mu_6,0.002192209,0.014771702,-0.00356832
SIR-1S,11,delta_beta_temporal_mu_7,-0.02956753,-0.01579646,-0.030966378
SIR-1S,11,delta_beta_temporal_mu_8,0.018977366,-0.004149468,0.005456711
SIR-1S,11,delta_beta_temporal_mu_9,0.069268605,0.096117104,0.057928974
SIR-1S,11,delta_beta_temporal_mu_10,0.047103448,0.023353394,0.009850988
SIR-1S,11,delta_beta_temporal_mu_11,0.00986587,0.026860539,-0.004311896
SIR-1S,11,delta_beta_temporal_sigma_0,0.007209732,0.03037833,0.03183979
SIR-1S,11,delta_beta_temporal_sigma_1,0.017816358,0.045152755,0.029818489
SIR-1S,11,delta_beta_temporal_sigma_2,0.022243689,0.076806215,0.04052155
SIR-1S,11,delta_beta_temporal_sigma_3,0.02589936,0.064623914,0.048684445
SIR-1S,11,delta_beta_temporal_sigma_4,0.038145078,0.022733544,0.049612677
SIR-1S,11,delta_beta_temporal_sigma_5,0.046583889,0.030053542,0.046656522
SIR-1S,11,delta_beta_temporal_sigma_6,0.097360772,0.180217895,0.176704264
SIR-1S,11,delta_beta_temporal_sigma_7,0.017402779,0.043882769,0.033712365
SIR-1S,11,delta_beta_temporal_sigma_8,0.024092306,0.054566087,0.028572818
SIR-1S,11,delta_beta_temporal_sigma_9,0.045028319,0.063772753,0.04303883
SIR-1S,11,delta_beta_temporal_sigma_10,0.033934119,0.031391866,0.044169927
SIR-1S,11,delta_beta_temporal_sigma_11,0.032432882,0.055046083,0.038939034
SIR-1S,12,rho_h_s_0,0.290162164,0.249309891,0.200365028
SIR-1S,12,rho_h_scale_0,0.012358584,0.012758176,0.015053157
SIR-1S,12,f_R_mu_0,0.28580076,0.313512403,0.333923895
SIR-1S,12,f_R_sigma_0,0.033381809,0.041760388,0.020929684
SIR-1S,12,f_I_s_0,0.9625646,0.74242436,0.565817307
SIR-1S,12,f_I_scale_0,0.000120634,0.000147111,0.000134205
SIR-1S,12,beta_mu_0,0.43300021,0.435984264,0.451985522
SIR-1S,12,beta_sigma_0,0.014116071,0.01620395,0.010145278
SIR-1S,12,delta_beta_temporal_mu_0,-0.014259129,0.048297461,0.023783452
SIR-1S,12,delta_beta_temporal_mu_1,0.080144326,0.092678186,0.085665092
SIR-1S,12,delta_beta_temporal_mu_2,0.04564577,0.029428503,0.059217315
SIR-1S,12,delta_beta_temporal_mu_3,-0.004702716,0.001593813,0.000597705
SIR-1S,12,delta_beta_temporal_mu_4,0.158011935,0.155564029,0.169995799
SIR-1S,12,delta_beta_temporal_mu_5,-0.033718593,-0.023124233,-0.027485239
SIR-1S,12,delta_beta_temporal_mu_6,-0.034466629,0.010221461,-0.02207238
SIR-1S,12,delta_beta_temporal_mu_7,0.064348316,0.012224442,0.057866042
SIR-1S,12,delta_beta_temporal_mu_8,-0.058805015,-0.041589412,-0.058056679
SIR-1S,12,delta_beta_temporal_mu_9,-0.033154948,0.007189071,-0.017547048
SIR-1S,12,delta_beta_temporal_mu_10,-0.052733883,-0.00351021,-0.045011774
SIR-1S,12,delta_beta_temporal_mu_11,-0.014113274,-0.022472895,-0.024183088
SIR-1S,12,delta_beta_temporal_sigma_0,0.035901999,0.040300817,0.058802877
SIR-1S,12,delta_beta_temporal_sigma_1,0.020180664,0.034050797,0.024811932
SIR-1S,12,delta_beta_temporal_sigma_2,0.04274741,0.033903389,0.026783494
SIR-1S,12,delta_beta_temporal_sigma_3,0.01302823,0.016717752,0.019001896
SIR-1S,12,delta_beta_temporal_sigma_4,0.021017433,0.029366224,0.025180777
SIR-1S,12,delta_beta_temporal_sigma_5,0.025627706,0.033024166,0.017756598
SIR-1S,12,delta_beta_temporal_sigma_6,0.065798786,0.066177037,0.082496373
SIR-1S,12,delta_beta_temporal_sigma_7,0.084862021,0.052029842,0.084349127
SIR-1S,12,delta_beta_temporal_sigma_8,0.051485462,0.077890828,0.037689761
SIR-1S,12,delta_beta_temporal_sigma_9,0.080937906,0.074688584,0.077658255
SIR-1S,12,delta_beta_temporal_sigma_10,0.081035439,0.040104971,0.081103298
SIR-1S,12,delta_beta_temporal_sigma_11,0.062911857,0.060657778,0.028121861
SIR-1S,13,rho_h_s_0,0.077471416,0.101724823,0.090778971
SIR-1S,13,rho_h_scale_0,0.004750657,0.006888785,0.006542254
SIR-1S,13,f_R_mu_0,0.300193457,0.336619105,0.345171668
SIR-1S,13,f_R_sigma_0,0.01678847,0.035217467,0.020264566
SIR-1S,13,f_I_s_0,1.524166696,0.762532715,0.610101296
SIR-1S,13,f_I_scale_0,2.71E-05,5.83E-05,5.81E-05
SIR-1S,13,beta_mu_0,0.472030906,0.466544426,0.474332521
SIR-1S,13,beta_sigma_0,0.007157769,0.015826139,0.012496688
SIR-1S,13,delta_beta_temporal_mu_0,-0.059921718,-0.012757507,-0.027780909
SIR-1S,13,delta_beta_temporal_mu_1,0.021602061,0.135636562,0.078517632
SIR-1S,13,delta_beta_temporal_mu_2,0.001519349,0.000633966,0.012039765
SIR-1S,13,delta_beta_temporal_mu_3,0.072918193,0.122424462,0.108153435
SIR-1S,13,delta_beta_temporal_mu_4,0.215652387,0.262593611,0.274655754
SIR-1S,13,delta_beta_temporal_mu_5,-0.164738324,-0.103770932,-0.146154097
SIR-1S,13,delta_beta_temporal_mu_6,-0.023079134,0.036153199,0.000743015
SIR-1S,13,delta_beta_temporal_mu_7,0.040249969,-0.005973347,0.027442755
SIR-1S,13,delta_beta_temporal_mu_8,-0.033389861,-0.057090208,-0.043857053
SIR-1S,13,delta_beta_temporal_mu_9,0.02712529,0.068279589,0.024092749
SIR-1S,13,delta_beta_temporal_mu_10,-0.024223602,-0.009316921,-0.039956237
SIR-1S,13,delta_beta_temporal_mu_11,0.026124489,-0.010911474,0.00727348
SIR-1S,13,delta_beta_temporal_sigma_0,0.027823075,0.043038227,0.031107313
SIR-1S,13,delta_beta_temporal_sigma_1,0.037041842,0.060256987,0.037327851
SIR-1S,13,delta_beta_temporal_sigma_2,0.043249965,0.056337246,0.036027098
SIR-1S,13,delta_beta_temporal_sigma_3,0.013396865,0.024805888,0.027429368
SIR-1S,13,delta_beta_temporal_sigma_4,0.043514126,0.030142505,0.040936488
SIR-1S,13,delta_beta_temporal_sigma_5,0.05914962,0.027686284,0.081926268
SIR-1S,13,delta_beta_temporal_sigma_6,0.060091021,0.059047133,0.082938853
SIR-1S,13,delta_beta_temporal_sigma_7,0.078347444,0.025628675,0.07656519
SIR-1S,13,delta_beta_temporal_sigma_8,0.087884317,0.096815406,0.067957615
SIR-1S,13,delta_beta_temporal_sigma_9,0.046286374,0.041097058,0.059057783
SIR-1S,13,delta_beta_temporal_sigma_10,0.029215352,0.037332363,0.036255166
SIR-1S,13,delta_beta_temporal_sigma_11,0.046127511,0.04992063,0.032641123
SIR-1S,15,rho_h_s_0,0.319183653,0.184186697,0.128048304
SIR-1S,15,rho_h_scale_0,0.004217042,0.009397941,0.009476162
SIR-1S,15,f_R_mu_0,0.305674855,0.352351885,0.348898173
SIR-1S,15,f_R_sigma_0,0.014221893,0.03466549,0.018060183
SIR-1S,15,f_I_s_0,1.293030948,0.520737055,0.414565613
SIR-1S,15,f_I_scale_0,8.39E-05,0.000233245,0.00017938
SIR-1S,15,beta_mu_0,0.468172525,0.464983371,0.46675627
SIR-1S,15,beta_sigma_0,0.003880859,0.0177522,0.012103289
SIR-1S,15,delta_beta_temporal_mu_0,-0.015125909,-0.00518948,-0.005691072
SIR-1S,15,delta_beta_temporal_mu_1,0.006342423,-0.000288622,0.024745499
SIR-1S,15,delta_beta_temporal_mu_2,0.010155222,0.001372995,0.018436346
SIR-1S,15,delta_beta_temporal_mu_3,0.026592297,0.004311019,0.020182115
SIR-1S,15,delta_beta_temporal_mu_4,0.039113719,0.057087905,0.058338432
SIR-1S,15,delta_beta_temporal_mu_5,-0.016264315,0.005125557,-0.01155528
SIR-1S,15,delta_beta_temporal_mu_6,-0.07902577,-0.055546701,-0.099530412
SIR-1S,15,delta_beta_temporal_mu_7,-0.021486617,-0.019090766,-0.002432871
SIR-1S,15,delta_beta_temporal_mu_8,0.006103674,0.023933004,-0.003707895
SIR-1S,15,delta_beta_temporal_mu_9,0.015728038,-0.012725453,-0.002179964
SIR-1S,15,delta_beta_temporal_mu_10,0.006887541,-0.005299749,-0.01824999
SIR-1S,15,delta_beta_temporal_mu_11,0.031172548,0.03866621,0.035352564
SIR-1S,15,delta_beta_temporal_sigma_0,0.007365737,0.01607279,0.023451191
SIR-1S,15,delta_beta_temporal_sigma_1,0.011102355,0.030336276,0.023549783
SIR-1S,15,delta_beta_temporal_sigma_2,0.015868206,0.033425908,0.040989413
SIR-1S,15,delta_beta_temporal_sigma_3,0.01999616,0.054656922,0.054087411
SIR-1S,15,delta_beta_temporal_sigma_4,0.018576056,0.072204308,0.052831405
SIR-1S,15,delta_beta_temporal_sigma_5,0.026771498,0.019898496,0.035973099
SIR-1S,15,delta_beta_temporal_sigma_6,0.043795005,0.05894282,0.058927898
SIR-1S,15,delta_beta_temporal_sigma_7,0.015632132,0.042970751,0.031319064
SIR-1S,15,delta_beta_temporal_sigma_8,0.026621767,0.055544303,0.031243552
SIR-1S,15,delta_beta_temporal_sigma_9,0.029786008,0.054452611,0.039212449
SIR-1S,15,delta_beta_temporal_sigma_10,0.024808545,0.067758056,0.040928852
SIR-1S,15,delta_beta_temporal_sigma_11,0.005657794,0.053993439,0.026367053
SIR-1S,16,rho_h_s_0,0.180418146,0.233990591,0.169148826
SIR-1S,16,rho_h_scale_0,0.004864486,0.008053188,0.006883185
SIR-1S,16,f_R_mu_0,0.282614805,0.344116556,0.335828852
SIR-1S,16,f_R_sigma_0,0.019775758,0.015057143,0.016428697
SIR-1S,16,f_I_s_0,0.500444124,0.145089429,0.108641414
SIR-1S,16,f_I_scale_0,1.82E-05,4.59E-05,4.67E-05
SIR-1S,16,beta_mu_0,0.472592368,0.480741161,0.484854358
SIR-1S,16,beta_sigma_0,0.006523518,0.007003402,0.008605245
SIR-1S,16,delta_beta_temporal_mu_0,-0.033222708,-0.005212124,-0.023455238
SIR-1S,16,delta_beta_temporal_mu_1,-0.006437583,-0.000298217,-0.001063155
SIR-1S,16,delta_beta_temporal_mu_2,0.023680591,0.083803549,0.018130863
SIR-1S,16,delta_beta_temporal_mu_3,0.044462494,0.124085542,0.053346419
SIR-1S,16,delta_beta_temporal_mu_4,0.10187023,0.1771569,0.170543801
SIR-1S,16,delta_beta_temporal_mu_5,-0.137122232,-0.141879324,-0.146503827
SIR-1S,16,delta_beta_temporal_mu_6,-0.064445697,-0.032271972,-0.056767426
SIR-1S,16,delta_beta_temporal_mu_7,0.056749914,0.050981378,0.063040911
SIR-1S,16,delta_beta_temporal_mu_8,0.071380936,0.051055875,0.053858843
SIR-1S,16,delta_beta_temporal_mu_9,0.06012044,0.057914943,0.031791021
SIR-1S,16,delta_beta_temporal_mu_10,0.027627726,0.007078885,0.017905951
SIR-1S,16,delta_beta_temporal_mu_11,-0.011644673,-0.022829896,-0.026718653
SIR-1S,16,delta_beta_temporal_sigma_0,0.0077601,0.038817314,0.02285564
SIR-1S,16,delta_beta_temporal_sigma_1,0.006851784,0.037035304,0.015597568
SIR-1S,16,delta_beta_temporal_sigma_2,0.024978264,0.047928515,0.033244461
SIR-1S,16,delta_beta_temporal_sigma_3,0.03063048,0.049939738,0.042754868
SIR-1S,16,delta_beta_temporal_sigma_4,0.026718197,0.013472683,0.039923584
SIR-1S,16,delta_beta_temporal_sigma_5,0.059885477,0.06041669,0.038055115
SIR-1S,16,delta_beta_temporal_sigma_6,0.021313375,0.053598982,0.032965637
SIR-1S,16,delta_beta_temporal_sigma_7,0.02861871,0.07037567,0.039623155
SIR-1S,16,delta_beta_temporal_sigma_8,0.028081236,0.049625635,0.03434312
SIR-1S,16,delta_beta_temporal_sigma_9,0.020469435,0.052845203,0.037401656
SIR-1S,16,delta_beta_temporal_sigma_10,0.016326205,0.040080793,0.029059403
SIR-1S,16,delta_beta_temporal_sigma_11,0.010280891,0.018603588,0.025857209
SIR-1S,17,rho_h_s_0,0.45043213,0.49938432,0.381095647
SIR-1S,17,rho_h_scale_0,0.004673715,0.006088118,0.005685829
SIR-1S,17,f_R_mu_0,0.296303857,0.343955039,0.337848205
SIR-1S,17,f_R_sigma_0,0.0205914,0.037892299,0.017220403
SIR-1S,17,f_I_s_0,1.418200475,0.898064758,0.643510365
SIR-1S,17,f_I_scale_0,1.55E-05,4.56E-05,4.10E-05
SIR-1S,17,beta_mu_0,0.476772708,0.471880441,0.474228814
SIR-1S,17,beta_sigma_0,0.007663956,0.006300058,0.009938046
SIR-1S,17,delta_beta_temporal_mu_0,-0.049564774,-0.013358004,-0.004138672
SIR-1S,17,delta_beta_temporal_mu_1,-0.011838098,0.046919986,0.021938121
SIR-1S,17,delta_beta_temporal_mu_2,0.027237159,0.06894063,0.094628673
SIR-1S,17,delta_beta_temporal_mu_3,0.032504885,0.068185429,0.049842129
SIR-1S,17,delta_beta_temporal_mu_4,0.200615765,0.220065403,0.258401324
SIR-1S,17,delta_beta_temporal_mu_5,-0.131803751,-0.079386304,-0.099784001
SIR-1S,17,delta_beta_temporal_mu_6,-0.064679038,0.005110326,-0.015474331
SIR-1S,17,delta_beta_temporal_mu_7,0.041508358,0.066730096,0.07786788
SIR-1S,17,delta_beta_temporal_mu_8,0.03990074,0.060913073,0.058609717
SIR-1S,17,delta_beta_temporal_mu_9,0.000904726,0.032797144,0.010197204
SIR-1S,17,delta_beta_temporal_mu_10,-0.005677768,0.030961925,0.012207403
SIR-1S,17,delta_beta_temporal_mu_11,0.055897887,0.094150237,0.102297759
SIR-1S,17,delta_beta_temporal_sigma_0,0.036011212,0.040948046,0.027739279
SIR-1S,17,delta_beta_temporal_sigma_1,0.028823737,0.050833817,0.032634458
SIR-1S,17,delta_beta_temporal_sigma_2,0.049322324,0.061319323,0.040078918
SIR-1S,17,delta_beta_temporal_sigma_3,0.019072693,0.035024716,0.026067877
SIR-1S,17,delta_beta_temporal_sigma_4,0.059045154,0.059074336,0.081310673
SIR-1S,17,delta_beta_temporal_sigma_5,0.036295784,0.036709295,0.038809613
SIR-1S,17,delta_beta_temporal_sigma_6,0.043455376,0.053379887,0.071487981
SIR-1S,17,delta_beta_temporal_sigma_7,0.013322229,0.02137246,0.01913836
SIR-1S,17,delta_beta_temporal_sigma_8,0.095528592,0.121360519,0.091640062
SIR-1S,17,delta_beta_temporal_sigma_9,0.065297195,0.0831026,0.053853318
SIR-1S,17,delta_beta_temporal_sigma_10,0.077207689,0.093326915,0.083763076
SIR-1S,17,delta_beta_temporal_sigma_11,0.073117379,0.091314138,0.055706124
SIR-1S,18,rho_h_s_0,0.234007367,0.248403466,0.228065744
SIR-1S,18,rho_h_scale_0,0.005874499,0.007061974,0.007107312
SIR-1S,18,f_R_mu_0,0.285760693,0.330450514,0.327182092
SIR-1S,18,f_R_sigma_0,0.017307097,0.03916732,0.014402157
SIR-1S,18,f_I_s_0,1.196041111,0.62393162,0.490448711
SIR-1S,18,f_I_scale_0,1.53E-05,2.67E-05,3.02E-05
SIR-1S,18,beta_mu_0,0.4721519,0.478244016,0.48346614
SIR-1S,18,beta_sigma_0,0.002140629,0.012923124,0.007050963
SIR-1S,18,delta_beta_temporal_mu_0,-0.04813214,-0.033675259,-0.038146753
SIR-1S,18,delta_beta_temporal_mu_1,-0.013560142,-0.000561238,0.002176664
SIR-1S,18,delta_beta_temporal_mu_2,-0.009522627,-0.010469714,1.33E-05
SIR-1S,18,delta_beta_temporal_mu_3,0.031751972,0.024526678,0.024899259
SIR-1S,18,delta_beta_temporal_mu_4,0.168639106,0.151211618,0.193055666
SIR-1S,18,delta_beta_temporal_mu_5,-0.141461045,-0.114339468,-0.131689394
SIR-1S,18,delta_beta_temporal_mu_6,-0.035737152,0.021580573,-0.015314822
SIR-1S,18,delta_beta_temporal_mu_7,0.085703681,0.11064464,0.094167342
SIR-1S,18,delta_beta_temporal_mu_8,0.053300931,0.033576928,0.027206718
SIR-1S,18,delta_beta_temporal_mu_9,0.04769059,0.051859069,0.050897307
SIR-1S,18,delta_beta_temporal_mu_10,-0.048112733,-0.012424217,-0.069202547
SIR-1S,18,delta_beta_temporal_mu_11,0.007820656,0.047733572,0.003878176
SIR-1S,18,delta_beta_temporal_sigma_0,0.026205801,0.031698631,0.036014906
SIR-1S,18,delta_beta_temporal_sigma_1,0.014297469,0.047245405,0.030533766
SIR-1S,18,delta_beta_temporal_sigma_2,0.036394334,0.046711801,0.030252012
SIR-1S,18,delta_beta_temporal_sigma_3,0.013589189,0.034911629,0.026192523
SIR-1S,18,delta_beta_temporal_sigma_4,0.064052206,0.067204946,0.076402814
SIR-1S,18,delta_beta_temporal_sigma_5,0.050046491,0.068288651,0.037328146
SIR-1S,18,delta_beta_temporal_sigma_6,0.06002842,0.043356591,0.085399674
SIR-1S,18,delta_beta_temporal_sigma_7,0.017721139,0.04574406,0.05237055
SIR-1S,18,delta_beta_temporal_sigma_8,0.037904017,0.040078734,0.027047075
SIR-1S,18,delta_beta_temporal_sigma_9,0.053878232,0.06619783,0.04131658
SIR-1S,18,delta_beta_temporal_sigma_10,0.060807621,0.047734111,0.058322599
SIR-1S,18,delta_beta_temporal_sigma_11,0.053599275,0.059162961,0.040163571
SIR-1S,19,rho_h_s_0,0.137965021,0.220295966,0.199331644
SIR-1S,19,rho_h_scale_0,0.003855613,0.004711707,0.004448966
SIR-1S,19,f_R_mu_0,0.288716454,0.339853479,0.32696644
SIR-1S,19,f_R_sigma_0,0.016266178,0.037340602,0.022770456
SIR-1S,19,f_I_s_0,1.047938041,0.571767004,0.356790932
SIR-1S,19,f_I_scale_0,8.06E-06,2.63E-05,1.56E-05
SIR-1S,19,beta_mu_0,0.478990086,0.487267648,0.488422416
SIR-1S,19,beta_sigma_0,0.00549334,0.014282876,0.009234765
SIR-1S,19,delta_beta_temporal_mu_0,-0.03300861,-0.024492652,-0.008814476
SIR-1S,19,delta_beta_temporal_mu_1,-0.030782962,0.000914726,-0.023605088
SIR-1S,19,delta_beta_temporal_mu_2,-0.011288036,0.030512664,0.005334803
SIR-1S,19,delta_beta_temporal_mu_3,0.027295426,0.001655567,-0.002149769
SIR-1S,19,delta_beta_temporal_mu_4,0.119155477,0.087496248,0.134885101
SIR-1S,19,delta_beta_temporal_mu_5,-0.057666796,-0.034880199,-0.060870297
SIR-1S,19,delta_beta_temporal_mu_6,-0.036956223,0.013160797,-0.021398441
SIR-1S,19,delta_beta_temporal_mu_7,0.07015823,0.076462254,0.082780899
SIR-1S,19,delta_beta_temporal_mu_8,0.048704235,0.072815959,0.044856738
SIR-1S,19,delta_beta_temporal_mu_9,0.059748838,0.063981203,0.064708168
SIR-1S,19,delta_beta_temporal_mu_10,0.003447067,0.000239911,-0.007152678
SIR-1S,19,delta_beta_temporal_mu_11,0.023083426,0.007910416,0.048270858
SIR-1S,19,delta_beta_temporal_sigma_0,0.016204457,0.012183588,0.038653663
SIR-1S,19,delta_beta_temporal_sigma_1,0.02935624,0.061373521,0.043355771
SIR-1S,19,delta_beta_temporal_sigma_2,0.024673802,0.068172721,0.040630839
SIR-1S,19,delta_beta_temporal_sigma_3,0.015598546,0.017159001,0.033676354
SIR-1S,19,delta_beta_temporal_sigma_4,0.085692947,0.076661351,0.112949311
SIR-1S,19,delta_beta_temporal_sigma_5,0.032963574,0.058683756,0.051668385
SIR-1S,19,delta_beta_temporal_sigma_6,0.018266761,0.064902054,0.048107572
SIR-1S,19,delta_beta_temporal_sigma_7,0.024450461,0.049745526,0.040634627
SIR-1S,19,delta_beta_temporal_sigma_8,0.055355576,0.065744389,0.04017028
SIR-1S,19,delta_beta_temporal_sigma_9,0.013306163,0.02746503,0.033276173
SIR-1S,19,delta_beta_temporal_sigma_10,0.026124512,0.056133907,0.034739024
SIR-1S,19,delta_beta_temporal_sigma_11,0.034219795,0.058778059,0.036627025
SIR-1S,20,rho_h_s_0,0.223989785,0.227535992,0.196612818
SIR-1S,20,rho_h_scale_0,0.004290907,0.006027031,0.006223002
SIR-1S,20,f_R_mu_0,0.291007448,0.343856097,0.343514606
SIR-1S,20,f_R_sigma_0,0.018969334,0.041848246,0.022521103
SIR-1S,20,f_I_s_0,1.115385454,0.544824951,0.373810643
SIR-1S,20,f_I_scale_0,2.25E-05,6.06E-05,7.84E-05
SIR-1S,20,beta_mu_0,0.473795616,0.472552659,0.475106583
SIR-1S,20,beta_sigma_0,0.003461252,0.0025668,0.009738698
SIR-1S,20,delta_beta_temporal_mu_0,-0.060863249,-0.01312227,-0.024466336
SIR-1S,20,delta_beta_temporal_mu_1,-0.038563878,0.03113299,-0.007403496
SIR-1S,20,delta_beta_temporal_mu_2,-0.003418083,0.01095747,0.019939989
SIR-1S,20,delta_beta_temporal_mu_3,0.044858914,0.057185462,0.077192821
SIR-1S,20,delta_beta_temporal_mu_4,0.140687524,0.131248369,0.203917837
SIR-1S,20,delta_beta_temporal_mu_5,-0.091216668,-0.044770256,-0.063278387
SIR-1S,20,delta_beta_temporal_mu_6,-0.023314965,-0.011868793,-0.006758469
SIR-1S,20,delta_beta_temporal_mu_7,0.124266172,0.166096546,0.164659347
SIR-1S,20,delta_beta_temporal_mu_8,0.020215463,-0.007186247,-0.002428963
SIR-1S,20,delta_beta_temporal_mu_9,0.038389665,0.061899373,0.02776117
SIR-1S,20,delta_beta_temporal_mu_10,0.004916283,0.019016898,-0.004123415
SIR-1S,20,delta_beta_temporal_mu_11,0.003557194,0.004240763,0.008088111
SIR-1S,20,delta_beta_temporal_sigma_0,0.032652207,0.050147516,0.049249049
SIR-1S,20,delta_beta_temporal_sigma_1,0.036900494,0.042544524,0.045709351
SIR-1S,20,delta_beta_temporal_sigma_2,0.030494515,0.056222749,0.039936263
SIR-1S,20,delta_beta_temporal_sigma_3,0.018832458,0.049665425,0.036347292
SIR-1S,20,delta_beta_temporal_sigma_4,0.085575356,0.064090789,0.102110158
SIR-1S,20,delta_beta_temporal_sigma_5,0.037819707,0.049578165,0.033029475
SIR-1S,20,delta_beta_temporal_sigma_6,0.009941457,0.004138679,0.028665962
SIR-1S,20,delta_beta_temporal_sigma_7,0.022510357,0.0712428,0.043892825
SIR-1S,20,delta_beta_temporal_sigma_8,0.026700977,0.050395813,0.039791137
SIR-1S,20,delta_beta_temporal_sigma_9,0.03641768,0.046551441,0.038328145
SIR-1S,20,delta_beta_temporal_sigma_10,0.029453495,0.052131267,0.037416741
SIR-1S,20,delta_beta_temporal_sigma_11,0.012597803,0.035835221,0.019997389
SIR-1S,21,rho_h_s_0,0.24071293,0.302881696,0.224632334
SIR-1S,21,rho_h_scale_0,0.006023849,0.008104391,0.007917465
SIR-1S,21,f_R_mu_0,0.284525164,0.34763382,0.339069244
SIR-1S,21,f_R_sigma_0,0.025840212,0.037583233,0.026953869
SIR-1S,21,f_I_s_0,1.776709528,0.794343174,0.679993861
SIR-1S,21,f_I_scale_0,2.43E-05,5.61E-05,6.68E-05
SIR-1S,21,beta_mu_0,0.46437244,0.480185178,0.477643907
SIR-1S,21,beta_sigma_0,0.003974161,0.014284853,0.01062401
SIR-1S,21,delta_beta_temporal_mu_0,-0.076063104,-0.007669466,-0.055741081
SIR-1S,21,delta_beta_temporal_mu_1,-0.043262119,-0.010574212,-0.01099825
SIR-1S,21,delta_beta_temporal_mu_2,-0.012037432,0.010506565,0.001620725
SIR-1S,21,delta_beta_temporal_mu_3,0.043362086,0.044122637,0.044888092
SIR-1S,21,delta_beta_temporal_mu_4,0.214928282,0.280809043,0.300780658
SIR-1S,21,delta_beta_temporal_mu_5,-0.119568078,-0.069168193,-0.109461301
SIR-1S,21,delta_beta_temporal_mu_6,-0.050162936,-0.001458047,-0.017897242
SIR-1S,21,delta_beta_temporal_mu_7,0.095193379,0.164550691,0.105985176
SIR-1S,21,delta_beta_temporal_mu_8,0.040814702,0.047131781,0.042912082
SIR-1S,21,delta_beta_temporal_mu_9,0.063131453,0.050320214,0.044903109
SIR-1S,21,delta_beta_temporal_mu_10,0.012106857,0.084114242,0.014158218
SIR-1S,21,delta_beta_temporal_mu_11,0.005155452,0.008898497,0.003365468
SIR-1S,21,delta_beta_temporal_sigma_0,0.038473143,0.040918108,0.041099721
SIR-1S,21,delta_beta_temporal_sigma_1,0.012704561,0.034427916,0.030625078
SIR-1S,21,delta_beta_temporal_sigma_2,0.022841932,0.036239856,0.022866915
SIR-1S,21,delta_beta_temporal_sigma_3,0.026201236,0.021937264,0.038436547
SIR-1S,21,delta_beta_temporal_sigma_4,0.041714361,0.052731594,0.040722484
SIR-1S,21,delta_beta_temporal_sigma_5,0.074711208,0.073638011,0.060634241
SIR-1S,21,delta_beta_temporal_sigma_6,0.023971525,0.027911616,0.035678727
SIR-1S,21,delta_beta_temporal_sigma_7,0.057811451,0.059085969,0.077335929
SIR-1S,21,delta_beta_temporal_sigma_8,0.073861677,0.068463254,0.042561858
SIR-1S,21,delta_beta_temporal_sigma_9,0.032518913,0.055860566,0.033790704
SIR-1S,21,delta_beta_temporal_sigma_10,0.083880471,0.046470141,0.06749794
SIR-1S,21,delta_beta_temporal_sigma_11,0.038242038,0.048684666,0.030179257
SIR-1S,22,rho_h_s_0,0.3431413,0.307063736,0.245789049
SIR-1S,22,rho_h_scale_0,0.006792004,0.009295478,0.010325115
SIR-1S,22,f_R_mu_0,0.282322743,0.337869711,0.334522377
SIR-1S,22,f_R_sigma_0,0.022122258,0.029684622,0.01607141
SIR-1S,22,f_I_s_0,1.042306492,0.581979152,0.420726208
SIR-1S,22,f_I_scale_0,6.31E-05,9.40E-05,9.89E-05
SIR-1S,22,beta_mu_0,0.459526336,0.470939713,0.469471167
SIR-1S,22,beta_sigma_0,0.007196925,0.011075546,0.009028861
SIR-1S,22,delta_beta_temporal_mu_0,-0.032471028,-0.000533989,-0.002951742
SIR-1S,22,delta_beta_temporal_mu_1,0.021216068,0.052555393,0.057078663
SIR-1S,22,delta_beta_temporal_mu_2,-0.030242141,0.011464401,0.000793104
SIR-1S,22,delta_beta_temporal_mu_3,0.034946584,0.032042494,0.049358221
SIR-1S,22,delta_beta_temporal_mu_4,0.123997027,0.153661038,0.16892772
SIR-1S,22,delta_beta_temporal_mu_5,-0.132753893,-0.117558072,-0.138338686
SIR-1S,22,delta_beta_temporal_mu_6,-0.038598418,-0.018045312,-0.025372501
SIR-1S,22,delta_beta_temporal_mu_7,0.025631845,-0.024040118,0.012410722
SIR-1S,22,delta_beta_temporal_mu_8,0.00778175,0.020647498,-0.006121543
SIR-1S,22,delta_beta_temporal_mu_9,0.009377343,0.018745735,-0.002505445
SIR-1S,22,delta_beta_temporal_mu_10,-0.038096131,0.000897019,-0.063520744
SIR-1S,22,delta_beta_temporal_mu_11,0.008482704,-0.02270706,-0.016987595
SIR-1S,22,delta_beta_temporal_sigma_0,0.041072719,0.041791828,0.03485841
SIR-1S,22,delta_beta_temporal_sigma_1,0.004288489,0.023696276,0.02053061
SIR-1S,22,delta_beta_temporal_sigma_2,0.028826487,0.053025821,0.029679794
SIR-1S,22,delta_beta_temporal_sigma_3,0.02954858,0.027469796,0.029068912
SIR-1S,22,delta_beta_temporal_sigma_4,0.031706549,0.038334634,0.027220874
SIR-1S,22,delta_beta_temporal_sigma_5,0.041080967,0.046247235,0.028649087
SIR-1S,22,delta_beta_temporal_sigma_6,0.037063437,0.07423308,0.065114752
SIR-1S,22,delta_beta_temporal_sigma_7,0.073201856,0.039456956,0.0591831
SIR-1S,22,delta_beta_temporal_sigma_8,0.037792134,0.039706709,0.025749319
SIR-1S,22,delta_beta_temporal_sigma_9,0.050878675,0.06162688,0.058147112
SIR-1S,22,delta_beta_temporal_sigma_10,0.073200111,0.048903344,0.049935892
SIR-1S,22,delta_beta_temporal_sigma_11,0.0390839,0.058525209,0.035140523
SIR-1S,23,rho_h_s_0,0.211755459,0.219426813,0.161828251
SIR-1S,23,rho_h_scale_0,0.004530251,0.007986899,0.00712638
SIR-1S,23,f_R_mu_0,0.292213483,0.350743926,0.338443254
SIR-1S,23,f_R_sigma_0,0.007525424,0.041824931,0.018411099
SIR-1S,23,f_I_s_0,1.054782985,0.533013351,0.372271713
SIR-1S,23,f_I_scale_0,1.28E-05,4.96E-05,4.03E-05
SIR-1S,23,beta_mu_0,0.478284601,0.466243423,0.479444205
SIR-1S,23,beta_sigma_0,0.006753705,0.021092209,0.012664891
SIR-1S,23,delta_beta_temporal_mu_0,-0.038170624,-0.016569094,-0.024502866
SIR-1S,23,delta_beta_temporal_mu_1,-0.03542885,0.011731125,-0.015782358
SIR-1S,23,delta_beta_temporal_mu_2,-0.010859987,0.002197526,-0.00028847
SIR-1S,23,delta_beta_temporal_mu_3,0.023469677,0.000851564,0.013694103
SIR-1S,23,delta_beta_temporal_mu_4,0.106531263,0.18762827,0.182418488
SIR-1S,23,delta_beta_temporal_mu_5,-0.011242515,0.000957008,-0.007959282
SIR-1S,23,delta_beta_temporal_mu_6,-0.059707911,-0.000114114,-0.061105172
SIR-1S,23,delta_beta_temporal_mu_7,0.073707722,0.130774622,0.107279725
SIR-1S,23,delta_beta_temporal_mu_8,0.044767414,0.022357742,0.013109262
SIR-1S,23,delta_beta_temporal_mu_9,0.011308477,-0.003101029,-0.013905593
SIR-1S,23,delta_beta_temporal_mu_10,0.013815571,-0.00279329,-0.028043295
SIR-1S,23,delta_beta_temporal_mu_11,0.029639219,0.029733334,0.01656508
SIR-1S,23,delta_beta_temporal_sigma_0,0.003293068,0.040107385,0.019045993
SIR-1S,23,delta_beta_temporal_sigma_1,0.011009105,0.048444957,0.032285681
SIR-1S,23,delta_beta_temporal_sigma_2,0.016702366,0.056022351,0.026927541
SIR-1S,23,delta_beta_temporal_sigma_3,0.019668336,0.029922949,0.045241344
SIR-1S,23,delta_beta_temporal_sigma_4,0.055128116,0.066859041,0.058322884
SIR-1S,23,delta_beta_temporal_sigma_5,0.033215198,0.046251054,0.037379159
SIR-1S,23,delta_beta_temporal_sigma_6,0.036850113,0.049250261,0.079559745
SIR-1S,23,delta_beta_temporal_sigma_7,0.025316682,0.028370972,0.055593354
SIR-1S,23,delta_beta_temporal_sigma_8,0.020509989,0.049528735,0.043639596
SIR-1S,23,delta_beta_temporal_sigma_9,0.022810575,0.036408054,0.045572828
SIR-1S,23,delta_beta_temporal_sigma_10,0.017651574,0.019603019,0.039509592
SIR-1S,23,delta_beta_temporal_sigma_11,0.01863162,0.038289818,0.033724265
SIR-1S,24,rho_h_s_0,0.370081886,0.435533078,0.324430499
SIR-1S,24,rho_h_scale_0,0.003749572,0.004782777,0.004339778
SIR-1S,24,f_R_mu_0,0.292727866,0.335181676,0.328353261
SIR-1S,24,f_R_sigma_0,0.010718839,0.020155226,0.015033418
SIR-1S,24,f_I_s_0,1.108507535,0.574341353,0.405563642
SIR-1S,24,f_I_scale_0,1.12E-05,2.67E-05,2.60E-05
SIR-1S,24,beta_mu_0,0.480366367,0.482827245,0.485884476
SIR-1S,24,beta_sigma_0,0.002763406,0.003074322,0.009336008
SIR-1S,24,delta_beta_temporal_mu_0,-0.035550175,-0.018674187,-0.025648347
SIR-1S,24,delta_beta_temporal_mu_1,-0.006480584,-0.001330541,0.002654343
SIR-1S,24,delta_beta_temporal_mu_2,0.015446097,0.002352494,0.02942038
SIR-1S,24,delta_beta_temporal_mu_3,0.051516037,0.063406299,0.046015865
SIR-1S,24,delta_beta_temporal_mu_4,0.130303797,0.171740266,0.173183312
SIR-1S,24,delta_beta_temporal_mu_5,-0.070078845,-0.036052222,-0.058155484
SIR-1S,24,delta_beta_temporal_mu_6,-0.116023365,-0.020168702,-0.066480881
SIR-1S,24,delta_beta_temporal_mu_7,0.01415477,0.059441949,0.045966951
SIR-1S,24,delta_beta_temporal_mu_8,0.018856693,0.034453853,0.022497497
SIR-1S,24,delta_beta_temporal_mu_9,0.037170249,0.056470195,0.042949159
SIR-1S,24,delta_beta_temporal_mu_10,-0.002947468,-0.003766437,0.002986315
SIR-1S,24,delta_beta_temporal_mu_11,0.039654803,0.120911523,0.071377529
SIR-1S,24,delta_beta_temporal_sigma_0,0.000267148,0.042701108,0.001698
SIR-1S,24,delta_beta_temporal_sigma_1,0.010169418,0.008145285,0.02254724
SIR-1S,24,delta_beta_temporal_sigma_2,0.03190129,0.037323777,0.042625978
SIR-1S,24,delta_beta_temporal_sigma_3,0.015230044,0.049701062,0.030760829
SIR-1S,24,delta_beta_temporal_sigma_4,0.025106352,0.031313863,0.028604334
SIR-1S,24,delta_beta_temporal_sigma_5,0.012894907,0.041765103,0.028489156
SIR-1S,24,delta_beta_temporal_sigma_6,0.089015154,0.091718342,0.135106026
SIR-1S,24,delta_beta_temporal_sigma_7,0.051344307,0.091948828,0.062713692
SIR-1S,24,delta_beta_temporal_sigma_8,0.10735563,0.135512594,0.091331963
SIR-1S,24,delta_beta_temporal_sigma_9,0.07405638,0.095920186,0.073407085
SIR-1S,24,delta_beta_temporal_sigma_10,0.024077261,0.048391981,0.026348799
SIR-1S,24,delta_beta_temporal_sigma_11,0.01737272,0.05700794,0.035787275
SIR-1S,25,rho_h_s_0,0.268987581,0.156919394,0.164462886
SIR-1S,25,rho_h_scale_0,0.006131887,0.007964921,0.007612144
SIR-1S,25,f_R_mu_0,0.279417637,0.321441267,0.329261819
SIR-1S,25,f_R_sigma_0,0.011602758,0.008264749,0.023599091
SIR-1S,25,f_I_s_0,1.169695981,0.156878954,0.159001606
SIR-1S,25,f_I_scale_0,1.23E-05,3.38E-05,3.00E-05
SIR-1S,25,beta_mu_0,0.469699162,0.478141161,0.485853351
SIR-1S,25,beta_sigma_0,0.008823681,0.019509644,0.012934398
SIR-1S,25,delta_beta_temporal_mu_0,-0.043795,-0.003382253,-0.025637936
SIR-1S,25,delta_beta_temporal_mu_1,-0.020414647,-0.02828862,-0.005149131
SIR-1S,25,delta_beta_temporal_mu_2,0.010382101,0.049745634,0.027569628
SIR-1S,25,delta_beta_temporal_mu_3,0.030042128,0.009135508,0.035511376
SIR-1S,25,delta_beta_temporal_mu_4,0.139756403,0.13064442,0.14975718
SIR-1S,25,delta_beta_temporal_mu_5,-0.060441338,-0.02834235,-0.058882958
SIR-1S,25,delta_beta_temporal_mu_6,-0.104101412,-0.016193676,-0.090292444
SIR-1S,25,delta_beta_temporal_mu_7,-0.003384713,0.05974059,0.001408721
SIR-1S,25,delta_beta_temporal_mu_8,0.040495818,0.036076672,0.031985369
SIR-1S,25,delta_beta_temporal_mu_9,-0.01886952,-0.022802467,-0.027831011
SIR-1S,25,delta_beta_temporal_mu_10,0.009931596,-0.015485185,-0.006303097
SIR-1S,25,delta_beta_temporal_mu_11,0.086197643,0.046950887,0.061039023
SIR-1S,25,delta_beta_temporal_sigma_0,0.01469557,0.035552418,0.039321434
SIR-1S,25,delta_beta_temporal_sigma_1,0.037992149,0.045968143,0.03927386
SIR-1S,25,delta_beta_temporal_sigma_2,0.009636038,0.041333947,0.021612154
SIR-1S,25,delta_beta_temporal_sigma_3,0.061441455,0.058992257,0.073776754
SIR-1S,25,delta_beta_temporal_sigma_4,0.070718383,0.05949966,0.079237902
SIR-1S,25,delta_beta_temporal_sigma_5,0.027454041,0.045178888,0.029542304
SIR-1S,25,delta_beta_temporal_sigma_6,0.100241962,0.09263122,0.126355964
SIR-1S,25,delta_beta_temporal_sigma_7,0.06672606,0.03284011,0.078939479
SIR-1S,25,delta_beta_temporal_sigma_8,0.040310615,0.054019161,0.042748733
SIR-1S,25,delta_beta_temporal_sigma_9,0.072555266,0.071513337,0.05601742
SIR-1S,25,delta_beta_temporal_sigma_10,0.061625653,0.051750358,0.037037618
SIR-1S,25,delta_beta_temporal_sigma_11,0.042653485,0.050069516,0.036261551
SIR-1S,26,rho_h_s_0,0.290403046,0.253892244,0.306897856
SIR-1S,26,rho_h_scale_0,0.005973846,0.007273066,0.006970128
SIR-1S,26,f_R_mu_0,0.298992735,0.32617722,0.333242117
SIR-1S,26,f_R_sigma_0,0.019622676,0.016259753,0.013648292
SIR-1S,26,f_I_s_0,0.897204907,0.293411923,0.257723224
SIR-1S,26,f_I_scale_0,2.46E-05,3.52E-05,3.71E-05
SIR-1S,26,beta_mu_0,0.466449171,0.473647189,0.479228092
SIR-1S,26,beta_sigma_0,0.01035264,0.0084074,0.010039736
SIR-1S,26,delta_beta_temporal_mu_0,-0.074286763,-0.081481276,-0.093693099
SIR-1S,26,delta_beta_temporal_mu_1,-0.00243858,0.040172365,0.020257398
SIR-1S,26,delta_beta_temporal_mu_2,0.018494383,0.03873999,0.019779656
SIR-1S,26,delta_beta_temporal_mu_3,0.072596023,0.037202251,0.061352188
SIR-1S,26,delta_beta_temporal_mu_4,0.169236613,0.143361878,0.178665736
SIR-1S,26,delta_beta_temporal_mu_5,-0.100812786,-0.075470497,-0.100046582
SIR-1S,26,delta_beta_temporal_mu_6,-0.064915252,0.002679694,-0.042786303
SIR-1S,26,delta_beta_temporal_mu_7,0.070976745,0.098032339,0.086969257
SIR-1S,26,delta_beta_temporal_mu_8,0.084857585,0.07939418,0.06934277
SIR-1S,26,delta_beta_temporal_mu_9,0.000580178,-0.019923037,-0.006206525
SIR-1S,26,delta_beta_temporal_mu_10,0.022940471,0.055798786,0.027464695
SIR-1S,26,delta_beta_temporal_mu_11,-0.004156632,0.007556183,-0.002331642
SIR-1S,26,delta_beta_temporal_sigma_0,0.036255903,0.047961048,0.038812159
SIR-1S,26,delta_beta_temporal_sigma_1,0.005842099,0.037721062,0.018250803
SIR-1S,26,delta_beta_temporal_sigma_2,0.038623947,0.040392442,0.035359238
SIR-1S,26,delta_beta_temporal_sigma_3,0.057149262,0.021221095,0.047503716
SIR-1S,26,delta_beta_temporal_sigma_4,0.091459221,0.009152043,0.085783203
SIR-1S,26,delta_beta_temporal_sigma_5,0.016200828,0.059732709,0.030979395
SIR-1S,26,delta_beta_temporal_sigma_6,0.069912025,0.059968505,0.10941148
SIR-1S,26,delta_beta_temporal_sigma_7,0.03414937,0.038819612,0.037111617
SIR-1S,26,delta_beta_temporal_sigma_8,0.062749186,0.090015125,0.072869166
SIR-1S,26,delta_beta_temporal_sigma_9,0.044545184,0.053248782,0.023209614
SIR-1S,26,delta_beta_temporal_sigma_10,0.056271392,0.048857186,0.051249422
SIR-1S,26,delta_beta_temporal_sigma_11,0.095243222,0.088853665,0.062143391
SIR-1S,27,rho_h_s_0,0.392166709,0.420695815,0.348498229
SIR-1S,27,rho_h_scale_0,0.004256526,0.004911786,0.004638014
SIR-1S,27,f_R_mu_0,0.287069335,0.331709359,0.32283205
SIR-1S,27,f_R_sigma_0,0.014580843,0.029323412,0.019571038
SIR-1S,27,f_I_s_0,0.934372955,0.178980475,0.180817302
SIR-1S,27,f_I_scale_0,1.17E-05,4.12E-05,1.77E-05
SIR-1S,27,beta_mu_0,0.478550612,0.479957505,0.490915885
SIR-1S,27,beta_sigma_0,0.007329973,0.006027233,0.0105948
SIR-1S,27,delta_beta_temporal_mu_0,-0.08877088,-0.051167072,-0.065132567
SIR-1S,27,delta_beta_temporal_mu_1,-0.053688548,-0.023485756,-0.01676025
SIR-1S,27,delta_beta_temporal_mu_2,-0.014951807,-0.002818829,0.000251553
SIR-1S,27,delta_beta_temporal_mu_3,0.07913547,0.08599787,0.065693353
SIR-1S,27,delta_beta_temporal_mu_4,0.156100108,0.187041929,0.164397462
SIR-1S,27,delta_beta_temporal_mu_5,-0.093956218,-0.022574984,-0.080853575
SIR-1S,27,delta_beta_temporal_mu_6,-0.087533092,0.001158505,-0.050838603
SIR-1S,27,delta_beta_temporal_mu_7,0.004653166,0.000950428,0.00783854
SIR-1S,27,delta_beta_temporal_mu_8,0.025241382,0.038696736,0.023157819
SIR-1S,27,delta_beta_temporal_mu_9,0.058636816,0.084101493,0.073426181
SIR-1S,27,delta_beta_temporal_mu_10,0.01309976,0.080383148,0.037277842
SIR-1S,27,delta_beta_temporal_mu_11,0.016510479,0.036999871,0.025718395
SIR-1S,27,delta_beta_temporal_sigma_0,0.063857279,0.085340753,0.061024282
SIR-1S,27,delta_beta_temporal_sigma_1,0.073637911,0.065537465,0.04890148
SIR-1S,27,delta_beta_temporal_sigma_2,0.0518229,0.052664625,0.037612599
SIR-1S,27,delta_beta_temporal_sigma_3,0.021159074,0.013415972,0.056983751
SIR-1S,27,delta_beta_temporal_sigma_4,0.064337585,0.12053495,0.089267766
SIR-1S,27,delta_beta_temporal_sigma_5,0.056195753,0.062082563,0.073835634
SIR-1S,27,delta_beta_temporal_sigma_6,0.072471452,0.044444949,0.061479291
SIR-1S,27,delta_beta_temporal_sigma_7,0.032368567,0.052402256,0.023459094
SIR-1S,27,delta_beta_temporal_sigma_8,0.043371244,0.057184349,0.049843069
SIR-1S,27,delta_beta_temporal_sigma_9,0.026897053,0.051887148,0.036437664
SIR-1S,27,delta_beta_temporal_sigma_10,0.057612874,0.04761318,0.041848316
SIR-1S,27,delta_beta_temporal_sigma_11,0.010788063,0.038465307,0.021828573
SIR-1S,28,rho_h_s_0,0.092283283,0.119704749,0.076311257
SIR-1S,28,rho_h_scale_0,0.006410182,0.010881922,0.011746657
SIR-1S,28,f_R_mu_0,0.298712446,0.352974565,0.35135134
SIR-1S,28,f_R_sigma_0,0.009550391,0.019486959,0.008547594
SIR-1S,28,f_I_s_0,0.797557465,0.308873536,0.167916074
SIR-1S,28,f_I_scale_0,9.21E-05,0.000164244,0.000160877
SIR-1S,28,beta_mu_0,0.459654497,0.465960674,0.46883471
SIR-1S,28,beta_sigma_0,0.001362892,0.009103506,0.004975936
SIR-1S,28,delta_beta_temporal_mu_0,-0.080230197,-0.02112189,-0.058024299
SIR-1S,28,delta_beta_temporal_mu_1,-0.028128976,0.00251969,0.027107327
SIR-1S,28,delta_beta_temporal_mu_2,-0.011172685,0.003042069,0.021216616
SIR-1S,28,delta_beta_temporal_mu_3,0.059184728,0.047402151,0.087906162
SIR-1S,28,delta_beta_temporal_mu_4,0.163904184,0.260337476,0.247579193
SIR-1S,28,delta_beta_temporal_mu_5,-0.073996568,-0.055340387,-0.072601403
SIR-1S,28,delta_beta_temporal_mu_6,-0.000181937,0.027827809,-0.001301296
SIR-1S,28,delta_beta_temporal_mu_7,0.041374608,-0.01010178,0.031398795
SIR-1S,28,delta_beta_temporal_mu_8,-0.016205533,-0.071250047,-0.030150438
SIR-1S,28,delta_beta_temporal_mu_9,0.037283489,0.078269628,0.005670089
SIR-1S,28,delta_beta_temporal_mu_10,-0.016367588,-0.007550987,-0.068164506
SIR-1S,28,delta_beta_temporal_mu_11,0.029769999,0.028392908,0.006450362
SIR-1S,28,delta_beta_temporal_sigma_0,0.021081467,0.050445554,0.033431498
SIR-1S,28,delta_beta_temporal_sigma_1,0.02861929,0.010728676,0.034091664
SIR-1S,28,delta_beta_temporal_sigma_2,0.025275276,0.05151106,0.027376304
SIR-1S,28,delta_beta_temporal_sigma_3,0.045506855,0.035512188,0.037604067
SIR-1S,28,delta_beta_temporal_sigma_4,0.014157176,0.043840333,0.029574194
SIR-1S,28,delta_beta_temporal_sigma_5,0.024306759,0.041717879,0.039168325
SIR-1S,28,delta_beta_temporal_sigma_6,0.091216082,0.145144326,0.121894036
SIR-1S,28,delta_beta_temporal_sigma_7,0.091288028,0.043215425,0.105576688
SIR-1S,28,delta_beta_temporal_sigma_8,0.045048991,0.049098895,0.031254251
SIR-1S,28,delta_beta_temporal_sigma_9,0.053986246,0.053803186,0.057992733
SIR-1S,28,delta_beta_temporal_sigma_10,0.066877921,0.066027951,0.076114135
SIR-1S,28,delta_beta_temporal_sigma_11,0.026099456,0.052531809,0.035715588
SIR-1S,29,rho_h_s_0,0.282466606,0.346155109,0.253039643
SIR-1S,29,rho_h_scale_0,0.00636853,0.008770842,0.008314138
SIR-1S,29,f_R_mu_0,0.279883612,0.334688137,0.336794129
SIR-1S,29,f_R_sigma_0,0.026894675,0.03078879,0.019458794
SIR-1S,29,f_I_s_0,1.450394308,0.727059993,0.601697175
SIR-1S,29,f_I_scale_0,2.21E-05,4.38E-05,6.13E-05
SIR-1S,29,beta_mu_0,0.465466396,0.473288986,0.474649965
SIR-1S,29,beta_sigma_0,0.002064955,0.001440058,0.007492835
SIR-1S,29,delta_beta_temporal_mu_0,-0.085415463,-0.071147697,-0.070185668
SIR-1S,29,delta_beta_temporal_mu_1,-0.027716326,0.021597279,0.012323358
SIR-1S,29,delta_beta_temporal_mu_2,-0.028480548,0.019839783,0.024889584
SIR-1S,29,delta_beta_temporal_mu_3,0.03333535,0.025759155,0.040435751
SIR-1S,29,delta_beta_temporal_mu_4,0.212560296,0.207297866,0.270459345
SIR-1S,29,delta_beta_temporal_mu_5,-0.134366644,-0.08770075,-0.116505091
SIR-1S,29,delta_beta_temporal_mu_6,-0.046327853,-0.018442754,-0.008294896
SIR-1S,29,delta_beta_temporal_mu_7,0.103255892,0.106188797,0.109659225
SIR-1S,29,delta_beta_temporal_mu_8,0.030950322,0.048864992,0.048098298
SIR-1S,29,delta_beta_temporal_mu_9,-0.01177201,-0.022471937,-0.004248573
SIR-1S,29,delta_beta_temporal_mu_10,-0.057487499,-0.034104904,-0.048680533
SIR-1S,29,delta_beta_temporal_mu_11,0.008550714,0.026904512,0.015049422
SIR-1S,29,delta_beta_temporal_sigma_0,0.031421022,0.053808461,0.038067165
SIR-1S,29,delta_beta_temporal_sigma_1,0.024997111,0.032448078,0.032259206
SIR-1S,29,delta_beta_temporal_sigma_2,0.044923498,0.05644131,0.0357678
SIR-1S,29,delta_beta_temporal_sigma_3,0.028997059,0.037607949,0.034615113
SIR-1S,29,delta_beta_temporal_sigma_4,0.091898567,0.09739359,0.106757481
SIR-1S,29,delta_beta_temporal_sigma_5,0.052376721,0.047956135,0.038971058
SIR-1S,29,delta_beta_temporal_sigma_6,0.013457769,0.033673394,0.02287291
SIR-1S,29,delta_beta_temporal_sigma_7,0.028939008,0.054762964,0.038136477
SIR-1S,29,delta_beta_temporal_sigma_8,0.088138598,0.100677362,0.068983552
SIR-1S,29,delta_beta_temporal_sigma_9,0.073022235,0.078661702,0.054340672
SIR-1S,29,delta_beta_temporal_sigma_10,0.052640291,0.056984544,0.045822836
SIR-1S,29,delta_beta_temporal_sigma_11,0.041641597,0.048586586,0.03030326
SIR-1S,30,rho_h_s_0,0.144967485,0.146302128,0.11939565
SIR-1S,30,rho_h_scale_0,0.005173313,0.007458789,0.007872941
SIR-1S,30,f_R_mu_0,0.290938286,0.342433867,0.337482719
SIR-1S,30,f_R_sigma_0,0.004705595,0.021061966,0.011324188
SIR-1S,30,f_I_s_0,0.572032386,0.163122846,0.142259155
SIR-1S,30,f_I_scale_0,1.31E-05,3.23E-05,5.36E-05
SIR-1S,30,beta_mu_0,0.478497514,0.481189913,0.477831246
SIR-1S,30,beta_sigma_0,0.002509444,0.014431796,0.008615613
SIR-1S,30,delta_beta_temporal_mu_0,-0.046117164,-0.040335889,-0.033627986
SIR-1S,30,delta_beta_temporal_mu_1,-0.035616736,0.016567725,-0.011024682
SIR-1S,30,delta_beta_temporal_mu_2,-0.003531996,-0.010023138,-0.00606698
SIR-1S,30,delta_beta_temporal_mu_3,0.051729071,0.045269156,0.057397989
SIR-1S,30,delta_beta_temporal_mu_4,0.114797803,0.183954438,0.249967373
SIR-1S,30,delta_beta_temporal_mu_5,-0.046946945,-0.030059062,-0.068364006
SIR-1S,30,delta_beta_temporal_mu_6,-0.030391734,-0.001897119,-0.01656946
SIR-1S,30,delta_beta_temporal_mu_7,0.043331633,0.022539878,0.043253461
SIR-1S,30,delta_beta_temporal_mu_8,0.028807778,0.009453694,0.006986614
SIR-1S,30,delta_beta_temporal_mu_9,0.077141832,0.074983041,0.06705437
SIR-1S,30,delta_beta_temporal_mu_10,0.022132399,0.009753397,0.005829505
SIR-1S,30,delta_beta_temporal_mu_11,0.004804316,0.000790467,-0.003423881
SIR-1S,30,delta_beta_temporal_sigma_0,0.009816869,0.000873918,0.037478077
SIR-1S,30,delta_beta_temporal_sigma_1,0.011031447,0.029266866,0.033917034
SIR-1S,30,delta_beta_temporal_sigma_2,0.00918605,0.055812709,0.018495326
SIR-1S,30,delta_beta_temporal_sigma_3,0.009948243,0.053115277,0.028366985
SIR-1S,30,delta_beta_temporal_sigma_4,0.03016175,0.042042045,0.039126247
SIR-1S,30,delta_beta_temporal_sigma_5,0.015165131,0.023020092,0.033584676
SIR-1S,30,delta_beta_temporal_sigma_6,0.018218912,0.03631797,0.030551134
SIR-1S,30,delta_beta_temporal_sigma_7,0.052031936,0.106608986,0.098429813
SIR-1S,30,delta_beta_temporal_sigma_8,0.041902252,0.100213439,0.075789761
SIR-1S,30,delta_beta_temporal_sigma_9,0.022274557,0.05566024,0.043881321
SIR-1S,30,delta_beta_temporal_sigma_10,0.022818234,0.05768707,0.029720875
SIR-1S,30,delta_beta_temporal_sigma_11,0.011043117,0.034921697,0.023917809
SIR-1S,31,rho_h_s_0,0.216801887,0.253952855,0.163506532
SIR-1S,31,rho_h_scale_0,0.003998235,0.005328865,0.005335995
SIR-1S,31,f_R_mu_0,0.292081726,0.349410597,0.339956309
SIR-1S,31,f_R_sigma_0,0.018256078,0.03700826,0.024268857
SIR-1S,31,f_I_s_0,1.172227272,0.62160441,0.355278222
SIR-1S,31,f_I_scale_0,1.56E-05,7.21E-05,4.40E-05
SIR-1S,31,beta_mu_0,0.474654856,0.477563515,0.481666162
SIR-1S,31,beta_sigma_0,0.002404841,0.018103442,0.006698564
SIR-1S,31,delta_beta_temporal_mu_0,-0.048676413,-0.004200628,-0.01296541
SIR-1S,31,delta_beta_temporal_mu_1,-0.034711027,-0.057003742,-0.037693042
SIR-1S,31,delta_beta_temporal_mu_2,-0.002837413,0.004113949,-0.003992769
SIR-1S,31,delta_beta_temporal_mu_3,0.05333869,0.049289594,0.0616052
SIR-1S,31,delta_beta_temporal_mu_4,0.12476578,0.220904104,0.223216719
SIR-1S,31,delta_beta_temporal_mu_5,-0.076912403,-0.058173911,-0.087686799
SIR-1S,31,delta_beta_temporal_mu_6,-0.018325635,0.022298178,0.002472126
SIR-1S,31,delta_beta_temporal_mu_7,0.080522503,0.091587789,0.093868022
SIR-1S,31,delta_beta_temporal_mu_8,0.07022109,0.108896029,0.070038389
SIR-1S,31,delta_beta_temporal_mu_9,0.023865135,0.026427303,0.010538376
SIR-1S,31,delta_beta_temporal_mu_10,0.016752537,0.013309779,0.00217793
SIR-1S,31,delta_beta_temporal_mu_11,0.022417046,0.027367074,0.008143926
SIR-1S,31,delta_beta_temporal_sigma_0,0.010782319,0.040753321,0.03627403
SIR-1S,31,delta_beta_temporal_sigma_1,0.0129794,0.016486623,0.029790502
SIR-1S,31,delta_beta_temporal_sigma_2,0.016500211,0.041162139,0.033210549
SIR-1S,31,delta_beta_temporal_sigma_3,0.01506684,0.002743026,0.035655882
SIR-1S,31,delta_beta_temporal_sigma_4,0.034675252,0.052493075,0.05672022
SIR-1S,31,delta_beta_temporal_sigma_5,0.023562996,0.056645138,0.035396627
SIR-1S,31,delta_beta_temporal_sigma_6,0.026167201,0.046309823,0.044889208
SIR-1S,31,delta_beta_temporal_sigma_7,0.028642955,0.07360565,0.053045057
SIR-1S,31,delta_beta_temporal_sigma_8,0.032931795,0.058687973,0.048405091
SIR-1S,31,delta_beta_temporal_sigma_9,0.042013982,0.058294821,0.037205017
SIR-1S,31,delta_beta_temporal_sigma_10,0.018912434,0.056888574,0.034530725
SIR-1S,31,delta_beta_temporal_sigma_11,0.015450667,0.052670661,0.039434135
SIR-1S,32,rho_h_s_0,0.272751215,0.301335935,0.214222015
SIR-1S,32,rho_h_scale_0,0.004525431,0.006274277,0.006786466
SIR-1S,32,f_R_mu_0,0.292068595,0.340811567,0.332648591
SIR-1S,32,f_R_sigma_0,0.012643866,0.025748218,0.016841847
SIR-1S,32,f_I_s_0,0.519750317,0.216046784,0.137754037
SIR-1S,32,f_I_scale_0,3.00E-05,6.38E-05,6.22E-05
SIR-1S,32,beta_mu_0,0.470660813,0.474000235,0.473174916
SIR-1S,32,beta_sigma_0,0.005154401,0.004721192,0.012435229
SIR-1S,32,delta_beta_temporal_mu_0,-0.021706827,0.010779975,-0.003820403
SIR-1S,32,delta_beta_temporal_mu_1,0.002569358,0.044279058,0.009630984
SIR-1S,32,delta_beta_temporal_mu_2,0.000923186,0.013043551,0.001389513
SIR-1S,32,delta_beta_temporal_mu_3,0.071984244,0.089999608,0.10240178
SIR-1S,32,delta_beta_temporal_mu_4,0.100857363,0.091558972,0.135200497
SIR-1S,32,delta_beta_temporal_mu_5,-0.108873939,-0.063884647,-0.107187432
SIR-1S,32,delta_beta_temporal_mu_6,-0.113054806,-0.092240278,-0.115806654
SIR-1S,32,delta_beta_temporal_mu_7,-0.007670382,-0.000501753,-0.001574247
SIR-1S,32,delta_beta_temporal_mu_8,-0.025981932,0.00030192,-0.027972284
SIR-1S,32,delta_beta_temporal_mu_9,0.004330727,0.014814176,-0.000404672
SIR-1S,32,delta_beta_temporal_mu_10,0.03178703,0.036394603,0.002317212
SIR-1S,32,delta_beta_temporal_mu_11,0.03272667,0.003427252,0.002134967
SIR-1S,32,delta_beta_temporal_sigma_0,0.036812672,0.038166722,0.030476049
SIR-1S,32,delta_beta_temporal_sigma_1,0.029509447,0.038188371,0.039273031
SIR-1S,32,delta_beta_temporal_sigma_2,0.028724304,0.030700723,0.030572469
SIR-1S,32,delta_beta_temporal_sigma_3,0.043780557,0.048384229,0.05144674
SIR-1S,32,delta_beta_temporal_sigma_4,0.0488955,0.059551957,0.060080156
SIR-1S,32,delta_beta_temporal_sigma_5,0.038376551,0.044019972,0.036211751
SIR-1S,32,delta_beta_temporal_sigma_6,0.024503564,0.040051196,0.036679884
SIR-1S,32,delta_beta_temporal_sigma_7,0.017938203,0.039348778,0.026046717
SIR-1S,32,delta_beta_temporal_sigma_8,0.068581535,0.051228251,0.038987868
SIR-1S,32,delta_beta_temporal_sigma_9,0.054463177,0.054684074,0.039525077
SIR-1S,32,delta_beta_temporal_sigma_10,0.039046747,0.042595576,0.03144671
SIR-1S,32,delta_beta_temporal_sigma_11,0.011075449,0.051091975,0.025732911
SIR-1S,33,rho_h_s_0,0.30357142,0.274692057,0.230516341
SIR-1S,33,rho_h_scale_0,0.004121544,0.00656051,0.006547916
SIR-1S,33,f_R_mu_0,0.295197248,0.354601884,0.345613052
SIR-1S,33,f_R_sigma_0,0.020386394,0.039472274,0.021804396
SIR-1S,33,f_I_s_0,0.880719157,0.233769924,0.161773652
SIR-1S,33,f_I_scale_0,1.67E-05,9.04E-05,5.23E-05
SIR-1S,33,beta_mu_0,0.479424555,0.471551303,0.476892389
SIR-1S,33,beta_sigma_0,0.005140482,0.012667683,0.011528096
SIR-1S,33,delta_beta_temporal_mu_0,-0.045862725,-0.022895751,-0.021101165
SIR-1S,33,delta_beta_temporal_mu_1,-0.019457717,-0.009982184,-0.004667666
SIR-1S,33,delta_beta_temporal_mu_2,0.005282012,0.035969614,0.013032092
SIR-1S,33,delta_beta_temporal_mu_3,0.043267423,0.029356162,0.089961644
SIR-1S,33,delta_beta_temporal_mu_4,0.090172277,0.153224002,0.141324074
SIR-1S,33,delta_beta_temporal_mu_5,-0.036864825,-0.01644879,-0.015648022
SIR-1S,33,delta_beta_temporal_mu_6,-0.048245897,0.00104235,-0.038068597
SIR-1S,33,delta_beta_temporal_mu_7,0.047251004,0.109827015,0.08196921
SIR-1S,33,delta_beta_temporal_mu_8,0.067508758,0.055756418,0.04138661
SIR-1S,33,delta_beta_temporal_mu_9,0.044436166,0.026889653,0.003666591
SIR-1S,33,delta_beta_temporal_mu_10,0.007348832,-0.006686088,-0.008564654
SIR-1S,33,delta_beta_temporal_mu_11,0.011149438,0.004400011,0.002397108
SIR-1S,33,delta_beta_temporal_sigma_0,0.008298549,0.036756163,0.035740383
SIR-1S,33,delta_beta_temporal_sigma_1,0.011996352,0.02994213,0.038660259
SIR-1S,33,delta_beta_temporal_sigma_2,0.01565122,0.058562961,0.03390049
SIR-1S,33,delta_beta_temporal_sigma_3,0.036588486,0.103095888,0.059227566
SIR-1S,33,delta_beta_temporal_sigma_4,0.053951271,0.034188228,0.059333082
SIR-1S,33,delta_beta_temporal_sigma_5,0.014933207,0.04842067,0.038905899
SIR-1S,33,delta_beta_temporal_sigma_6,0.065829579,0.084457712,0.094573481
SIR-1S,33,delta_beta_temporal_sigma_7,0.017848396,0.031128942,0.041987505
SIR-1S,33,delta_beta_temporal_sigma_8,0.013443631,0.054457702,0.041772038
SIR-1S,33,delta_beta_temporal_sigma_9,0.032138057,0.053460946,0.035562733
SIR-1S,33,delta_beta_temporal_sigma_10,0.034686559,0.042809976,0.044843081
SIR-1S,33,delta_beta_temporal_sigma_11,0.011898286,0.034217993,0.027803361
SIR-1S,34,rho_h_s_0,0.212286483,0.26568216,0.176430089
SIR-1S,34,rho_h_scale_0,0.006278513,0.009325858,0.008673543
SIR-1S,34,f_R_mu_0,0.289212354,0.344497543,0.335323521
SIR-1S,34,f_R_sigma_0,0.018329662,0.028945793,0.017730296
SIR-1S,34,f_I_s_0,0.710352453,0.488275134,0.412010114
SIR-1S,34,f_I_scale_0,1.99E-05,4.31E-05,4.06E-05
SIR-1S,34,beta_mu_0,0.470166246,0.467991873,0.470594001
SIR-1S,34,beta_sigma_0,0.006495952,0.005782933,0.010996977
SIR-1S,34,delta_beta_temporal_mu_0,-0.066223663,0.010283702,-0.000801519
SIR-1S,34,delta_beta_temporal_mu_1,-0.041318306,-0.020529193,-0.012161995
SIR-1S,34,delta_beta_temporal_mu_2,0.019601252,0.064365053,0.064690725
SIR-1S,34,delta_beta_temporal_mu_3,0.091925783,0.107759275,0.153588529
SIR-1S,34,delta_beta_temporal_mu_4,0.161929621,0.237331192,0.197574935
SIR-1S,34,delta_beta_temporal_mu_5,-0.094130759,-0.035818896,-0.061102066
SIR-1S,34,delta_beta_temporal_mu_6,-0.111712657,-0.005333528,-0.069644643
SIR-1S,34,delta_beta_temporal_mu_7,-0.001800976,0.055646473,0.016119425
SIR-1S,34,delta_beta_temporal_mu_8,0.035947332,-0.000763694,0.022571874
SIR-1S,34,delta_beta_temporal_mu_9,-0.004224597,-0.008316326,-0.006086533
SIR-1S,34,delta_beta_temporal_mu_10,-0.003109106,0.030519586,0.005451137
SIR-1S,34,delta_beta_temporal_mu_11,0.045151846,0.044859612,0.022896088
SIR-1S,34,delta_beta_temporal_sigma_0,0.014945839,0.045811838,0.033547485
SIR-1S,34,delta_beta_temporal_sigma_1,0.02343746,0.054040252,0.027987479
SIR-1S,34,delta_beta_temporal_sigma_2,0.030338873,0.053337049,0.039873638
SIR-1S,34,delta_beta_temporal_sigma_3,0.057196472,0.052480443,0.061076974
SIR-1S,34,delta_beta_temporal_sigma_4,0.050673239,0.078605978,0.053963849
SIR-1S,34,delta_beta_temporal_sigma_5,0.026936564,0.037114893,0.047089348
SIR-1S,34,delta_beta_temporal_sigma_6,0.113116019,0.118735897,0.135135313
SIR-1S,34,delta_beta_temporal_sigma_7,0.034726117,0.004777957,0.027264786
SIR-1S,34,delta_beta_temporal_sigma_8,0.056056801,0.053324499,0.049236822
SIR-1S,34,delta_beta_temporal_sigma_9,0.033348767,0.041745208,0.028169906
SIR-1S,34,delta_beta_temporal_sigma_10,0.041765233,0.010691851,0.028022068
SIR-1S,34,delta_beta_temporal_sigma_11,0.016760403,0.028013831,0.03297292
SIR-1S,35,rho_h_s_0,0.205800014,0.170960714,0.160177888
SIR-1S,35,rho_h_scale_0,0.00580195,0.011573032,0.00949159
SIR-1S,35,f_R_mu_0,0.277092215,0.349629094,0.335185834
SIR-1S,35,f_R_sigma_0,0.011084658,0.026961107,0.015361137
SIR-1S,35,f_I_s_0,0.36097365,0.182038741,0.11320468
SIR-1S,35,f_I_scale_0,1.32E-05,4.98E-05,3.64E-05
SIR-1S,35,beta_mu_0,0.474532582,0.473145953,0.478754823
SIR-1S,35,beta_sigma_0,0.005120118,0.014323586,0.009127601
SIR-1S,35,delta_beta_temporal_mu_0,-0.04508098,-0.039615558,-0.028947462
SIR-1S,35,delta_beta_temporal_mu_1,-0.01415024,0.014011975,-0.000877962
SIR-1S,35,delta_beta_temporal_mu_2,0.032083269,0.096314926,0.057534117
SIR-1S,35,delta_beta_temporal_mu_3,0.068616619,0.148044881,0.126601058
SIR-1S,35,delta_beta_temporal_mu_4,0.092748323,0.07480245,0.120720552
SIR-1S,35,delta_beta_temporal_mu_5,-0.129174148,-0.068369362,-0.115378351
SIR-1S,35,delta_beta_temporal_mu_6,-0.0912614,-0.084023632,-0.09509887
SIR-1S,35,delta_beta_temporal_mu_7,0.029958503,0.01642609,0.017988425
SIR-1S,35,delta_beta_temporal_mu_8,0.044361132,0.020739878,0.01623941
SIR-1S,35,delta_beta_temporal_mu_9,0.056208669,0.017003479,0.007759827
SIR-1S,35,delta_beta_temporal_mu_10,0.010182921,-0.002166604,-0.016445793
SIR-1S,35,delta_beta_temporal_mu_11,0.004583968,-0.006735246,-0.006449131
SIR-1S,35,delta_beta_temporal_sigma_0,0.008475477,0.025876838,0.030548597
SIR-1S,35,delta_beta_temporal_sigma_1,0.012477882,0.013793454,0.021848726
SIR-1S,35,delta_beta_temporal_sigma_2,0.011081158,0.038530359,0.029441035
SIR-1S,35,delta_beta_temporal_sigma_3,0.04823664,0.088669183,0.052738706
SIR-1S,35,delta_beta_temporal_sigma_4,0.078168097,0.035045889,0.083113619
SIR-1S,35,delta_beta_temporal_sigma_5,0.039123983,0.056382264,0.047738986
SIR-1S,35,delta_beta_temporal_sigma_6,0.008802854,0.040149577,0.028909308
SIR-1S,35,delta_beta_temporal_sigma_7,0.027954701,0.057233446,0.045577739
SIR-1S,35,delta_beta_temporal_sigma_8,0.016341384,0.033301581,0.032312737
SIR-1S,35,delta_beta_temporal_sigma_9,0.022782853,0.050359617,0.035193097
SIR-1S,35,delta_beta_temporal_sigma_10,0.034697778,0.038520553,0.034425725
SIR-1S,35,delta_beta_temporal_sigma_11,0.008761665,0.025574739,0.018112512
SIR-1S,36,rho_h_s_0,0.221704913,0.290863405,0.244737583
SIR-1S,36,rho_h_scale_0,0.005308306,0.005918153,0.005981605
SIR-1S,36,f_R_mu_0,0.283672743,0.33144329,0.324335905
SIR-1S,36,f_R_sigma_0,0.018577455,0.040458945,0.022545081
SIR-1S,36,f_I_s_0,1.40701626,0.880545382,0.661391644
SIR-1S,36,f_I_scale_0,1.05E-05,2.40E-05,2.16E-05
SIR-1S,36,beta_mu_0,0.471888306,0.478545943,0.479517137
SIR-1S,36,beta_sigma_0,0.003034353,0.013388571,0.010886745
SIR-1S,36,delta_beta_temporal_mu_0,-0.050477456,-0.026964483,-0.0281255
SIR-1S,36,delta_beta_temporal_mu_1,0.043228965,0.050477439,0.052152603
SIR-1S,36,delta_beta_temporal_mu_2,0.086575038,0.087111459,0.114553823
SIR-1S,36,delta_beta_temporal_mu_3,0.064221709,0.074920377,0.084688459
SIR-1S,36,delta_beta_temporal_mu_4,0.11126753,0.134427517,0.132910312
SIR-1S,36,delta_beta_temporal_mu_5,-0.094812547,-0.04897171,-0.066994194
SIR-1S,36,delta_beta_temporal_mu_6,-0.105492393,0.001578985,-0.067082352
SIR-1S,36,delta_beta_temporal_mu_7,-0.004068105,0.028878197,0.02012392
SIR-1S,36,delta_beta_temporal_mu_8,0.075741977,0.049393423,0.076801462
SIR-1S,36,delta_beta_temporal_mu_9,0.041900804,0.034704942,0.04200543
SIR-1S,36,delta_beta_temporal_mu_10,0.070256721,0.0626644,0.074137894
SIR-1S,36,delta_beta_temporal_mu_11,0.104649692,0.142155018,0.136370015
SIR-1S,36,delta_beta_temporal_sigma_0,0.036270997,0.040988845,0.02936147
SIR-1S,36,delta_beta_temporal_sigma_1,0.021720998,0.022699399,0.029014437
SIR-1S,36,delta_beta_temporal_sigma_2,0.056912767,0.068196867,0.049295455
SIR-1S,36,delta_beta_temporal_sigma_3,0.043678175,0.053576637,0.041070931
SIR-1S,36,delta_beta_temporal_sigma_4,0.030184026,0.057639805,0.048666537
SIR-1S,36,delta_beta_temporal_sigma_5,0.033377355,0.023578541,0.050194866
SIR-1S,36,delta_beta_temporal_sigma_6,0.116818885,0.015607076,0.129945334
SIR-1S,36,delta_beta_temporal_sigma_7,0.040645452,0.037336237,0.032591037
SIR-1S,36,delta_beta_temporal_sigma_8,0.080618725,0.112740292,0.086530031
SIR-1S,36,delta_beta_temporal_sigma_9,0.032572259,0.026128733,0.02984811
SIR-1S,36,delta_beta_temporal_sigma_10,0.036325462,0.054866327,0.037899322
SIR-1S,36,delta_beta_temporal_sigma_11,0.05927363,0.087289102,0.066956853
SIR-1S,37,rho_h_s_0,0.318059622,0.394747857,0.302085893
SIR-1S,37,rho_h_scale_0,0.004928786,0.005166255,0.005630166
SIR-1S,37,f_R_mu_0,0.294279701,0.318927489,0.324140418
SIR-1S,37,f_R_sigma_0,0.020374177,0.023331393,0.015759389
SIR-1S,37,f_I_s_0,0.479906656,0.324192965,0.201028961
SIR-1S,37,f_I_scale_0,2.61E-05,4.48E-05,4.18E-05
SIR-1S,37,beta_mu_0,0.479417403,0.47732944,0.485466105
SIR-1S,37,beta_sigma_0,0.008599975,0.010695806,0.010812438
SIR-1S,37,delta_beta_temporal_mu_0,-0.123733983,-0.13915885,-0.137992615
SIR-1S,37,delta_beta_temporal_mu_1,-0.012305445,-0.004938354,0.018484126
SIR-1S,37,delta_beta_temporal_mu_2,-0.030735506,-0.001512284,-0.001352121
SIR-1S,37,delta_beta_temporal_mu_3,0.068838807,0.035671846,0.056114693
SIR-1S,37,delta_beta_temporal_mu_4,0.204758481,0.204804844,0.226858572
SIR-1S,37,delta_beta_temporal_mu_5,-0.146937559,-0.107497778,-0.139541575
SIR-1S,37,delta_beta_temporal_mu_6,-0.042205471,0.009992464,-0.012934596
SIR-1S,37,delta_beta_temporal_mu_7,0.038153141,0.049624901,0.048288347
SIR-1S,37,delta_beta_temporal_mu_8,0.037691198,0.007438471,0.020229314
SIR-1S,37,delta_beta_temporal_mu_9,0.059655905,0.111677097,0.072348929
SIR-1S,37,delta_beta_temporal_mu_10,-0.004441269,0.03880941,0.00631725
SIR-1S,37,delta_beta_temporal_mu_11,-0.007829369,0.004803202,-0.005330311
SIR-1S,37,delta_beta_temporal_sigma_0,0.039249312,0.053266695,0.042008995
SIR-1S,37,delta_beta_temporal_sigma_1,0.104124171,0.109868886,0.084044748
SIR-1S,37,delta_beta_temporal_sigma_2,0.082224953,0.082859759,0.063685305
SIR-1S,37,delta_beta_temporal_sigma_3,0.028636247,0.028792684,0.043747929
SIR-1S,37,delta_beta_temporal_sigma_4,0.044165856,0.025263553,0.051525092
SIR-1S,37,delta_beta_temporal_sigma_5,0.044280218,0.047966887,0.065239475
SIR-1S,37,delta_beta_temporal_sigma_6,0.090897726,0.104558688,0.115182522
SIR-1S,37,delta_beta_temporal_sigma_7,0.012934248,0.030925103,0.023791114
SIR-1S,37,delta_beta_temporal_sigma_8,0.097841485,0.095490819,0.073827502
SIR-1S,37,delta_beta_temporal_sigma_9,0.033830985,0.024958481,0.032714903
SIR-1S,37,delta_beta_temporal_sigma_10,0.067711007,0.074685127,0.050938833
SIR-1S,37,delta_beta_temporal_sigma_11,0.038096159,0.051416525,0.033085864
SIR-1S,38,rho_h_s_0,0.091182817,0.136778717,0.087141355
SIR-1S,38,rho_h_scale_0,0.004888008,0.007529679,0.007965358
SIR-1S,38,f_R_mu_0,0.291315217,0.351199862,0.347179106
SIR-1S,38,f_R_sigma_0,0.008067119,0.021679234,0.015657154
SIR-1S,38,f_I_s_0,0.763270932,0.158463687,0.167733401
SIR-1S,38,f_I_scale_0,2.09E-05,9.93E-05,6.75E-05
SIR-1S,38,beta_mu_0,0.475284489,0.477093206,0.478935938
SIR-1S,38,beta_sigma_0,0.004676954,0.006748313,0.009270685
SIR-1S,38,delta_beta_temporal_mu_0,-0.05247648,-0.020654172,-0.010116342
SIR-1S,38,delta_beta_temporal_mu_1,-0.028220628,0.002248153,0.001537616
SIR-1S,38,delta_beta_temporal_mu_2,-0.003808622,0.018585987,0.007760838
SIR-1S,38,delta_beta_temporal_mu_3,0.034423178,-0.009695031,0.019372868
SIR-1S,38,delta_beta_temporal_mu_4,0.088241888,0.189687438,0.199235593
SIR-1S,38,delta_beta_temporal_mu_5,-0.012495403,-0.004798698,-0.029852376
SIR-1S,38,delta_beta_temporal_mu_6,-0.008665002,0.067297148,0.012979605
SIR-1S,38,delta_beta_temporal_mu_7,-0.013387614,0.006405006,-0.010123141
SIR-1S,38,delta_beta_temporal_mu_8,-0.002136025,-0.010972963,-0.01104891
SIR-1S,38,delta_beta_temporal_mu_9,0.057098854,0.045272361,0.028093748
SIR-1S,38,delta_beta_temporal_mu_10,0.054197326,0.076297047,0.05165433
SIR-1S,38,delta_beta_temporal_mu_11,0.03053283,0.044325187,0.041493276
SIR-1S,38,delta_beta_temporal_sigma_0,0.005708607,0.028094691,0.020589768
SIR-1S,38,delta_beta_temporal_sigma_1,0.007991444,0.069059611,0.032016247
SIR-1S,38,delta_beta_temporal_sigma_2,0.016896805,0.050329577,0.036264649
SIR-1S,38,delta_beta_temporal_sigma_3,0.026769422,0.033937609,0.041277256
SIR-1S,38,delta_beta_temporal_sigma_4,0.034608138,0.023259816,0.047783536
SIR-1S,38,delta_beta_temporal_sigma_5,0.03257725,0.067383371,0.04737054
SIR-1S,38,delta_beta_temporal_sigma_6,0.057283313,0.079770829,0.072187625
SIR-1S,38,delta_beta_temporal_sigma_7,0.024458552,0.049989219,0.047168329
SIR-1S,38,delta_beta_temporal_sigma_8,0.036448794,0.056570638,0.041105098
SIR-1S,38,delta_beta_temporal_sigma_9,0.023479533,0.058100834,0.046297515
SIR-1S,38,delta_beta_temporal_sigma_10,0.011204041,0.048062369,0.029518062
SIR-1S,38,delta_beta_temporal_sigma_11,0.004277632,0.000863768,0.020645424
SIR-1S,39,rho_h_s_0,0.342975497,0.421648805,0.348458404
SIR-1S,39,rho_h_scale_0,0.005431923,0.00623248,0.005906042
SIR-1S,39,f_R_mu_0,0.278270411,0.334532348,0.323920611
SIR-1S,39,f_R_sigma_0,0.024478393,0.037990505,0.017886292
SIR-1S,39,f_I_s_0,0.611681103,0.528988999,0.290087684
SIR-1S,39,f_I_scale_0,1.66E-05,3.53E-05,3.33E-05
SIR-1S,39,beta_mu_0,0.470439737,0.479371766,0.477246175
SIR-1S,39,beta_sigma_0,0.003228492,0.016022566,0.008579448
SIR-1S,39,delta_beta_temporal_mu_0,-0.05271253,-0.087696942,-0.087589962
SIR-1S,39,delta_beta_temporal_mu_1,-0.11336364,-0.03704199,-0.008157194
SIR-1S,39,delta_beta_temporal_mu_2,-0.004009717,0.045762237,0.03515305
SIR-1S,39,delta_beta_temporal_mu_3,0.034120673,0.020603563,0.044405938
SIR-1S,39,delta_beta_temporal_mu_4,0.198512231,0.176220337,0.224893065
SIR-1S,39,delta_beta_temporal_mu_5,-0.12555921,-0.068937066,-0.105007439
SIR-1S,39,delta_beta_temporal_mu_6,-0.036586076,0.032986122,-6.48E-05
SIR-1S,39,delta_beta_temporal_mu_7,0.060792335,0.091727742,0.089999523
SIR-1S,39,delta_beta_temporal_mu_8,0.09140448,0.098608077,0.122265018
SIR-1S,39,delta_beta_temporal_mu_9,0.043270711,0.071373991,0.081726806
SIR-1S,39,delta_beta_temporal_mu_10,-0.074940055,0.014360967,-0.03070769
SIR-1S,39,delta_beta_temporal_mu_11,0.022168192,0.114883716,0.103549171
SIR-1S,39,delta_beta_temporal_sigma_0,0.059581049,0.061466621,0.035905622
SIR-1S,39,delta_beta_temporal_sigma_1,0.152340757,0.086885876,0.0449581
SIR-1S,39,delta_beta_temporal_sigma_2,0.068694637,0.079351176,0.04329096
SIR-1S,39,delta_beta_temporal_sigma_3,0.036914413,0.035591133,0.033780675
SIR-1S,39,delta_beta_temporal_sigma_4,0.054736491,0.072114109,0.079953122
SIR-1S,39,delta_beta_temporal_sigma_5,0.028018043,0.044260935,0.029484454
SIR-1S,39,delta_beta_temporal_sigma_6,0.063542103,0.008132933,0.092779667
SIR-1S,39,delta_beta_temporal_sigma_7,0.025851887,0.062101959,0.061082803
SIR-1S,39,delta_beta_temporal_sigma_8,0.055306263,0.066243226,0.037763701
SIR-1S,39,delta_beta_temporal_sigma_9,0.024476724,0.048027597,0.028627296
SIR-1S,39,delta_beta_temporal_sigma_10,0.094442841,0.053006825,0.10288953
SIR-1S,39,delta_beta_temporal_sigma_11,0.080913468,0.087676464,0.071267855
SIR-1S,40,rho_h_s_0,0.210575431,0.124224249,0.122904046
SIR-1S,40,rho_h_scale_0,0.005249925,0.008442514,0.008084891
SIR-1S,40,f_R_mu_0,0.297044319,0.345267562,0.353070091
SIR-1S,40,f_R_sigma_0,0.019421737,0.034267711,0.02363954
SIR-1S,40,f_I_s_0,1.962540647,0.792351693,0.63990789
SIR-1S,40,f_I_scale_0,2.80E-05,7.64E-05,8.56E-05
SIR-1S,40,beta_mu_0,0.471820147,0.475189398,0.476217125
SIR-1S,40,beta_sigma_0,0.014123665,0.020410143,0.014429962
SIR-1S,40,delta_beta_temporal_mu_0,-0.079255823,-0.142743552,-0.061518867
SIR-1S,40,delta_beta_temporal_mu_1,-0.035781432,0.048378639,0.001963279
SIR-1S,40,delta_beta_temporal_mu_2,-0.008959507,-0.000207299,0.017939328
SIR-1S,40,delta_beta_temporal_mu_3,0.033243004,0.002239983,0.074259542
SIR-1S,40,delta_beta_temporal_mu_4,0.129133348,0.141897869,0.213153007
SIR-1S,40,delta_beta_temporal_mu_5,-0.071725988,-0.028423527,-0.051113051
SIR-1S,40,delta_beta_temporal_mu_6,0.094969579,0.153191575,0.119328562
SIR-1S,40,delta_beta_temporal_mu_7,0.107438584,0.088785956,0.115196906
SIR-1S,40,delta_beta_temporal_mu_8,-0.061489563,-0.127547525,-0.070836503
SIR-1S,40,delta_beta_temporal_mu_9,0.027833412,0.028845552,0.00244791
SIR-1S,40,delta_beta_temporal_mu_10,-0.013488381,0.002738174,-0.028821614
SIR-1S,40,delta_beta_temporal_mu_11,0.002196649,-0.014278608,-0.017281587
SIR-1S,40,delta_beta_temporal_sigma_0,0.045669481,0.062527137,0.043295099
SIR-1S,40,delta_beta_temporal_sigma_1,0.026505795,0.050299599,0.037326335
SIR-1S,40,delta_beta_temporal_sigma_2,0.008302464,0.023388358,0.01876648
SIR-1S,40,delta_beta_temporal_sigma_3,0.045891098,0.038532033,0.044977436
SIR-1S,40,delta_beta_temporal_sigma_4,0.061841075,0.072293517,0.094499632
SIR-1S,40,delta_beta_temporal_sigma_5,0.074286041,0.057649484,0.061293334
SIR-1S,40,delta_beta_temporal_sigma_6,0.041402684,0.031923782,0.070055914
SIR-1S,40,delta_beta_temporal_sigma_7,0.048492965,0.04196943,0.036412324
SIR-1S,40,delta_beta_temporal_sigma_8,0.053974745,0.040992304,0.057024589
SIR-1S,40,delta_beta_temporal_sigma_9,0.041080817,0.064915335,0.045266063
SIR-1S,40,delta_beta_temporal_sigma_10,0.040060301,0.034332456,0.085164801
SIR-1S,40,delta_beta_temporal_sigma_11,0.020492042,0.008334904,0.03756707
SIR-1S,41,rho_h_s_0,0.362430028,0.270051675,0.302847437
SIR-1S,41,rho_h_scale_0,0.00413687,0.007598758,0.005975255
SIR-1S,41,f_R_mu_0,0.300360195,0.336027864,0.343815835
SIR-1S,41,f_R_sigma_0,0.019352901,0.037662886,0.018831236
SIR-1S,41,f_I_s_0,1.003756754,0.402170332,0.190746264
SIR-1S,41,f_I_scale_0,1.83E-05,5.29E-05,5.12E-05
SIR-1S,41,beta_mu_0,0.47726076,0.464684193,0.478786737
SIR-1S,41,beta_sigma_0,0.003732025,0.013450751,0.00942491
SIR-1S,41,delta_beta_temporal_mu_0,-0.036336447,-0.005909853,-0.018705084
SIR-1S,41,delta_beta_temporal_mu_1,-0.014338455,0.009152013,0.002114658
SIR-1S,41,delta_beta_temporal_mu_2,0.008532862,0.004516327,0.015620425
SIR-1S,41,delta_beta_temporal_mu_3,0.043030099,0.123417599,0.075604995
SIR-1S,41,delta_beta_temporal_mu_4,0.095694528,0.142756952,0.162417412
SIR-1S,41,delta_beta_temporal_mu_5,-0.115347532,-0.131422565,-0.098614719
SIR-1S,41,delta_beta_temporal_mu_6,0.006272889,-0.016377066,0.016165139
SIR-1S,41,delta_beta_temporal_mu_7,0.071789735,0.045386436,0.072760676
SIR-1S,41,delta_beta_temporal_mu_8,-0.01530361,-0.007178336,-0.019542114
SIR-1S,41,delta_beta_temporal_mu_9,-0.010287036,-0.005688474,0.002439402
SIR-1S,41,delta_beta_temporal_mu_10,-0.012567868,0.011613596,0.00347932
SIR-1S,41,delta_beta_temporal_mu_11,0.004891904,-0.018232706,-0.025443979
SIR-1S,41,delta_beta_temporal_sigma_0,0.01344929,0.01915804,0.034811997
SIR-1S,41,delta_beta_temporal_sigma_1,0.019710012,0.05648103,0.040707992
SIR-1S,41,delta_beta_temporal_sigma_2,0.004625318,0.015996475,0.017183713
SIR-1S,41,delta_beta_temporal_sigma_3,0.036610675,0.055410245,0.043398926
SIR-1S,41,delta_beta_temporal_sigma_4,0.028990399,0.074640207,0.040690005
SIR-1S,41,delta_beta_temporal_sigma_5,0.080686847,0.063283357,0.07334476
SIR-1S,41,delta_beta_temporal_sigma_6,0.075651917,0.062260423,0.106735326
SIR-1S,41,delta_beta_temporal_sigma_7,0.064253815,0.099398465,0.089282669
SIR-1S,41,delta_beta_temporal_sigma_8,0.031920296,0.046738813,0.03571261
SIR-1S,41,delta_beta_temporal_sigma_9,0.04985682,0.070785212,0.036844482
SIR-1S,41,delta_beta_temporal_sigma_10,0.050839284,0.047869689,0.047973233
SIR-1S,41,delta_beta_temporal_sigma_11,0.012564678,0.052350573,0.034175851
SIR-1S,42,rho_h_s_0,0.445849613,0.28452938,0.165300381
SIR-1S,42,rho_h_scale_0,0.012661367,0.015540362,0.017554858
SIR-1S,42,f_R_mu_0,0.25449463,0.301234651,0.306301017
SIR-1S,42,f_R_sigma_0,0.051189259,0.07085293,0.041931954
SIR-1S,42,f_I_s_0,0.764671858,0.507678347,0.4783226
SIR-1S,42,f_I_scale_0,8.12E-05,8.02E-05,9.40E-05
SIR-1S,42,beta_mu_0,0.4212665,0.423009176,0.428591573
SIR-1S,42,beta_sigma_0,0.019733285,0.022408902,0.011772258
SIR-1S,42,delta_beta_temporal_mu_0,-0.113923458,-0.043960293,-0.064387525
SIR-1S,42,delta_beta_temporal_mu_1,-0.001365558,0.045223958,0.021221918
SIR-1S,42,delta_beta_temporal_mu_2,0.036520917,0.006637654,0.054120223
SIR-1S,42,delta_beta_temporal_mu_3,0.09433266,0.10787698,0.114668138
SIR-1S,42,delta_beta_temporal_mu_4,0.229142939,0.228172041,0.267883711
SIR-1S,42,delta_beta_temporal_mu_5,-0.070014414,-0.035511174,-0.052548567
SIR-1S,42,delta_beta_temporal_mu_6,-0.066407642,0.01092325,-0.032745573
SIR-1S,42,delta_beta_temporal_mu_7,0.018853328,0.054387048,0.034190239
SIR-1S,42,delta_beta_temporal_mu_8,0.038017589,0.021236991,0.034964799
SIR-1S,42,delta_beta_temporal_mu_9,0.014951891,-0.017553949,0.011193216
SIR-1S,42,delta_beta_temporal_mu_10,-0.06023597,-0.037477309,-0.051051061
SIR-1S,42,delta_beta_temporal_mu_11,0.002161994,-0.017346779,-0.005974964
SIR-1S,42,delta_beta_temporal_sigma_0,0.018996539,0.048044823,0.038230352
SIR-1S,42,delta_beta_temporal_sigma_1,0.03525492,0.044416088,0.052785641
SIR-1S,42,delta_beta_temporal_sigma_2,0.103601428,0.137164847,0.125334254
SIR-1S,42,delta_beta_temporal_sigma_3,0.020441738,0.058605658,0.034980435
SIR-1S,42,delta_beta_temporal_sigma_4,0.048502805,0.04847378,0.035824086
SIR-1S,42,delta_beta_temporal_sigma_5,0.04179441,0.085637726,0.051076497
SIR-1S,42,delta_beta_temporal_sigma_6,0.07226419,0.09191986,0.091314176
SIR-1S,42,delta_beta_temporal_sigma_7,0.040859131,0.012986162,0.053505376
SIR-1S,42,delta_beta_temporal_sigma_8,0.060972211,0.08362686,0.056791316
SIR-1S,42,delta_beta_temporal_sigma_9,0.077897195,0.056410241,0.063296531
SIR-1S,42,delta_beta_temporal_sigma_10,0.027007928,0.037476273,0.021096348
SIR-1S,42,delta_beta_temporal_sigma_11,0.037316401,0.030108706,0.030060426
SIR-1S,44,rho_h_s_0,0.33201364,0.217936868,0.188160267
SIR-1S,44,rho_h_scale_0,0.004423398,0.008045989,0.00835733
SIR-1S,44,f_R_mu_0,0.291857836,0.346476471,0.345134913
SIR-1S,44,f_R_sigma_0,0.021851735,0.028879141,0.022912282
SIR-1S,44,f_I_s_0,0.89264601,0.194699327,0.161715504
SIR-1S,44,f_I_scale_0,2.25E-05,6.39E-05,6.45E-05
SIR-1S,44,beta_mu_0,0.477276877,0.469293365,0.47503688
SIR-1S,44,beta_sigma_0,0.001715881,0.008682217,0.009266909
SIR-1S,44,delta_beta_temporal_mu_0,-0.045566042,-0.011317668,-0.017458792
SIR-1S,44,delta_beta_temporal_mu_1,-0.032645967,-0.013379002,0.001295569
SIR-1S,44,delta_beta_temporal_mu_2,0.000390059,0.012474514,0.000385584
SIR-1S,44,delta_beta_temporal_mu_3,0.069176653,0.049375154,0.136881016
SIR-1S,44,delta_beta_temporal_mu_4,0.089547543,0.129987029,0.156755092
SIR-1S,44,delta_beta_temporal_mu_5,-0.049356241,-0.000849955,-0.031177599
SIR-1S,44,delta_beta_temporal_mu_6,-0.051678571,-0.018515115,-0.03200649
SIR-1S,44,delta_beta_temporal_mu_7,0.024291838,0.030977417,0.029978499
SIR-1S,44,delta_beta_temporal_mu_8,0.041894874,0.024294714,0.023693118
SIR-1S,44,delta_beta_temporal_mu_9,0.030736436,-0.016488554,0.00219151
SIR-1S,44,delta_beta_temporal_mu_10,0.033698795,0.015912278,-0.003281292
SIR-1S,44,delta_beta_temporal_mu_11,0.038216491,-0.046391328,0.0102007
SIR-1S,44,delta_beta_temporal_sigma_0,0.005956089,0.001823909,0.023567565
SIR-1S,44,delta_beta_temporal_sigma_1,0.005746371,0.03164472,0.035339904
SIR-1S,44,delta_beta_temporal_sigma_2,0.017662302,0.065785552,0.028814153
SIR-1S,44,delta_beta_temporal_sigma_3,0.024627771,0.037170126,0.041996552
SIR-1S,44,delta_beta_temporal_sigma_4,0.031901048,0.049692123,0.04645257
SIR-1S,44,delta_beta_temporal_sigma_5,0.040569911,0.053109547,0.041316459
SIR-1S,44,delta_beta_temporal_sigma_6,0.072659571,0.111273722,0.134748507
SIR-1S,44,delta_beta_temporal_sigma_7,0.045262391,0.082000808,0.045322115
SIR-1S,44,delta_beta_temporal_sigma_8,0.027107919,0.064551332,0.036986164
SIR-1S,44,delta_beta_temporal_sigma_9,0.023990749,0.026334299,0.03690827
SIR-1S,44,delta_beta_temporal_sigma_10,0.016376296,0.01985602,0.040518013
SIR-1S,44,delta_beta_temporal_sigma_11,0.004724645,0.001380066,0.02414761
SIR-1S,45,rho_h_s_0,0.165850662,0.088466968,0.094262636
SIR-1S,45,rho_h_scale_0,0.005686247,0.008414338,0.009263331
SIR-1S,45,f_R_mu_0,0.285994181,0.338571142,0.338026889
SIR-1S,45,f_R_sigma_0,0.012043827,0.031324729,0.01622937
SIR-1S,45,f_I_s_0,1.570472363,0.873893155,0.612593586
SIR-1S,45,f_I_scale_0,2.34E-05,4.68E-05,5.90E-05
SIR-1S,45,beta_mu_0,0.467673793,0.473669254,0.474282343
SIR-1S,45,beta_sigma_0,0.009239165,0.025667076,0.012015102
SIR-1S,45,delta_beta_temporal_mu_0,-0.078166003,-0.044755907,-0.071642643
SIR-1S,45,delta_beta_temporal_mu_1,-0.029314315,0.003541004,0.013127438
SIR-1S,45,delta_beta_temporal_mu_2,0.008814738,0.00319379,0.039015737
SIR-1S,45,delta_beta_temporal_mu_3,0.080398253,0.082925963,0.102997079
SIR-1S,45,delta_beta_temporal_mu_4,0.203088774,0.204494347,0.276860801
SIR-1S,45,delta_beta_temporal_mu_5,-0.141981931,-0.127393824,-0.143321273
SIR-1S,45,delta_beta_temporal_mu_6,-0.015080624,0.018032509,0.001556458
SIR-1S,45,delta_beta_temporal_mu_7,0.039591133,-0.013448593,0.011489583
SIR-1S,45,delta_beta_temporal_mu_8,0.010217498,-0.050514822,-0.03125006
SIR-1S,45,delta_beta_temporal_mu_9,0.021667797,0.044390772,-0.009757856
SIR-1S,45,delta_beta_temporal_mu_10,-0.017388489,-0.021165554,-0.058535435
SIR-1S,45,delta_beta_temporal_mu_11,0.018697855,0.001524866,-0.010712156
SIR-1S,45,delta_beta_temporal_sigma_0,0.042005042,0.033499563,0.036664033
SIR-1S,45,delta_beta_temporal_sigma_1,0.027575179,0.044171962,0.031023537
SIR-1S,45,delta_beta_temporal_sigma_2,0.036701998,0.074525981,0.037144934
SIR-1S,45,delta_beta_temporal_sigma_3,0.022074416,0.049423789,0.038334983
SIR-1S,45,delta_beta_temporal_sigma_4,0.05614191,0.049271069,0.07131684
SIR-1S,45,delta_beta_temporal_sigma_5,0.038781302,0.075871039,0.0788328
SIR-1S,45,delta_beta_temporal_sigma_6,0.082760144,0.130884325,0.124309748
SIR-1S,45,delta_beta_temporal_sigma_7,0.074798684,0.026061482,0.040655378
SIR-1S,45,delta_beta_temporal_sigma_8,0.088636582,0.059863021,0.046377408
SIR-1S,45,delta_beta_temporal_sigma_9,0.054822703,0.045562223,0.089648114
SIR-1S,45,delta_beta_temporal_sigma_10,0.038096685,0.036049885,0.054698019
SIR-1S,45,delta_beta_temporal_sigma_11,0.034508092,0.054259974,0.03405877
SIR-1S,46,rho_h_s_0,0.083205204,0.119081368,0.106765159
SIR-1S,46,rho_h_scale_0,0.004274078,0.005604573,0.006869153
SIR-1S,46,f_R_mu_0,0.291669287,0.350606557,0.346550925
SIR-1S,46,f_R_sigma_0,0.010642925,0.037629233,0.018871188
SIR-1S,46,f_I_s_0,0.895191947,0.288923443,0.143448923
SIR-1S,46,f_I_scale_0,1.68E-05,2.35E-05,5.60E-05
SIR-1S,46,beta_mu_0,0.473879032,0.480841089,0.480623248
SIR-1S,46,beta_sigma_0,0.005442089,0.021472417,0.011206955
SIR-1S,46,delta_beta_temporal_mu_0,-0.039247856,0.007967826,-0.039076902
SIR-1S,46,delta_beta_temporal_mu_1,-0.034074128,-0.026326838,-0.031074978
SIR-1S,46,delta_beta_temporal_mu_2,-0.005409798,-0.020746365,-0.003849867
SIR-1S,46,delta_beta_temporal_mu_3,0.033953627,0.052380612,0.04682166
SIR-1S,46,delta_beta_temporal_mu_4,0.084697642,0.109313067,0.1790662
SIR-1S,46,delta_beta_temporal_mu_5,-0.026712497,-0.053984793,-0.027411269
SIR-1S,46,delta_beta_temporal_mu_6,-0.014785911,-0.014902193,-0.009231449
SIR-1S,46,delta_beta_temporal_mu_7,0.049835684,0.073717781,0.024225237
SIR-1S,46,delta_beta_temporal_mu_8,0.0511757,0.021217886,0.057255867
SIR-1S,46,delta_beta_temporal_mu_9,0.030194563,0.032339021,-0.009133503
SIR-1S,46,delta_beta_temporal_mu_10,0.034077551,0.022359565,0.017800847
SIR-1S,46,delta_beta_temporal_mu_11,0.015061826,-0.000568777,-0.017496765
SIR-1S,46,delta_beta_temporal_sigma_0,0.016931821,0.036495061,0.047333572
SIR-1S,46,delta_beta_temporal_sigma_1,0.005418576,0.000430636,0.024560093
SIR-1S,46,delta_beta_temporal_sigma_2,0.008640704,0.025435547,0.022025837
SIR-1S,46,delta_beta_temporal_sigma_3,0.027814178,0.065315723,0.044868831
SIR-1S,46,delta_beta_temporal_sigma_4,0.034832514,0.069654895,0.0548052
SIR-1S,46,delta_beta_temporal_sigma_5,0.024447304,0.080187443,0.042038317
SIR-1S,46,delta_beta_temporal_sigma_6,0.063718592,0.129076216,0.112630812
SIR-1S,46,delta_beta_temporal_sigma_7,0.063010278,0.106515219,0.060361454
SIR-1S,46,delta_beta_temporal_sigma_8,0.044289819,0.08608381,0.055422568
SIR-1S,46,delta_beta_temporal_sigma_9,0.048602331,0.066847645,0.05447714
SIR-1S,46,delta_beta_temporal_sigma_10,0.034203653,0.065980162,0.039150812
SIR-1S,46,delta_beta_temporal_sigma_11,0.009176368,0.004603602,0.032488487
SIR-1S,47,rho_h_s_0,0.15202029,0.146544727,0.076108319
SIR-1S,47,rho_h_scale_0,0.006889222,0.009932125,0.011707304
SIR-1S,47,f_R_mu_0,0.299903748,0.349939404,0.360349812
SIR-1S,47,f_R_sigma_0,0.019522487,0.03649578,0.021582818
SIR-1S,47,f_I_s_0,1.38419953,0.713663325,0.484041962
SIR-1S,47,f_I_scale_0,6.78E-05,0.000122592,0.000121613
SIR-1S,47,beta_mu_0,0.457210666,0.457070046,0.463914578
SIR-1S,47,beta_sigma_0,0.009206429,0.017832583,0.012882646
SIR-1S,47,delta_beta_temporal_mu_0,-0.041806799,0.037541138,0.020616787
SIR-1S,47,delta_beta_temporal_mu_1,-0.020173546,0.025853865,0.028363609
SIR-1S,47,delta_beta_temporal_mu_2,-0.036702779,0.013084199,0.021383396
SIR-1S,47,delta_beta_temporal_mu_3,0.087425562,0.102187352,0.122764487
SIR-1S,47,delta_beta_temporal_mu_4,0.241505725,0.304146955,0.336913102
SIR-1S,47,delta_beta_temporal_mu_5,-0.130133386,-0.066997356,-0.108703539
SIR-1S,47,delta_beta_temporal_mu_6,-0.043994644,0.010370028,-0.008383914
SIR-1S,47,delta_beta_temporal_mu_7,0.027582939,0.026651502,0.032940483
SIR-1S,47,delta_beta_temporal_mu_8,0.009056603,0.003081093,0.008762518
SIR-1S,47,delta_beta_temporal_mu_9,0.027672781,0.051186977,0.029960754
SIR-1S,47,delta_beta_temporal_mu_10,-0.038814052,-0.008626477,-0.055421815
SIR-1S,47,delta_beta_temporal_mu_11,0.004506041,-0.008946997,-0.01109321
SIR-1S,47,delta_beta_temporal_sigma_0,0.076467036,0.059729845,0.043467788
SIR-1S,47,delta_beta_temporal_sigma_1,0.009150207,0.004298043,0.02182095
SIR-1S,47,delta_beta_temporal_sigma_2,0.10242515,0.096283794,0.059872175
SIR-1S,47,delta_beta_temporal_sigma_3,0.039954475,0.050444385,0.039472985
SIR-1S,47,delta_beta_temporal_sigma_4,0.058881537,0.025608634,0.051803835
SIR-1S,47,delta_beta_temporal_sigma_5,0.078948063,0.069273281,0.072358855
SIR-1S,47,delta_beta_temporal_sigma_6,0.011788533,0.041105876,0.049395327
SIR-1S,47,delta_beta_temporal_sigma_7,0.02403943,0.059602959,0.046591156
SIR-1S,47,delta_beta_temporal_sigma_8,0.094037531,0.098348573,0.054467682
SIR-1S,47,delta_beta_temporal_sigma_9,0.040840008,0.036302949,0.034195583
SIR-1S,47,delta_beta_temporal_sigma_10,0.041270037,0.053731659,0.038257907
SIR-1S,47,delta_beta_temporal_sigma_11,0.054087052,0.059720596,0.033908085
SIR-1S,48,rho_h_s_0,0.249391371,0.371850859,0.359533458
SIR-1S,48,rho_h_scale_0,0.007279458,0.007336583,0.009396114
SIR-1S,48,f_R_mu_0,0.303124534,0.355333722,0.352335637
SIR-1S,48,f_R_sigma_0,0.027948356,0.026993623,0.01552546
SIR-1S,48,f_I_s_0,1.647828262,0.95074778,0.726722278
SIR-1S,48,f_I_scale_0,5.87E-05,9.73E-05,9.59E-05
SIR-1S,48,beta_mu_0,0.455341048,0.480546737,0.469703072
SIR-1S,48,beta_sigma_0,0.019068702,0.016715078,0.009637369
SIR-1S,48,delta_beta_temporal_mu_0,-0.010982374,0.027937752,0.030420552
SIR-1S,48,delta_beta_temporal_mu_1,0.037219594,0.036775545,0.061035023
SIR-1S,48,delta_beta_temporal_mu_2,0.026149412,0.023098242,0.056221466
SIR-1S,48,delta_beta_temporal_mu_3,0.046904625,0.035950827,0.078660335
SIR-1S,48,delta_beta_temporal_mu_4,0.164323138,0.1626962,0.199366029
SIR-1S,48,delta_beta_temporal_mu_5,-0.104040771,-0.030304999,-0.060729546
SIR-1S,48,delta_beta_temporal_mu_6,0.051164172,0.120786706,0.066949075
SIR-1S,48,delta_beta_temporal_mu_7,0.020321272,0.032010232,0.030497194
SIR-1S,48,delta_beta_temporal_mu_8,-0.069914173,-0.023722537,-0.038131179
SIR-1S,48,delta_beta_temporal_mu_9,-0.014574424,0.03870915,0.002248836
SIR-1S,48,delta_beta_temporal_mu_10,-0.042098756,0.010767244,-0.020908325
SIR-1S,48,delta_beta_temporal_mu_11,0.031062885,0.069094964,0.024685135
SIR-1S,48,delta_beta_temporal_sigma_0,0.047618661,0.037827833,0.062209505
SIR-1S,48,delta_beta_temporal_sigma_1,0.039885669,0.036874924,0.023448119
SIR-1S,48,delta_beta_temporal_sigma_2,0.063241255,0.03789529,0.027881129
SIR-1S,48,delta_beta_temporal_sigma_3,0.076319892,0.071558122,0.034518759
SIR-1S,48,delta_beta_temporal_sigma_4,0.051609754,0.030403562,0.025932531
SIR-1S,48,delta_beta_temporal_sigma_5,0.101209177,0.110866944,0.10087965
SIR-1S,48,delta_beta_temporal_sigma_6,0.04636024,0.027928298,0.082354766
SIR-1S,48,delta_beta_temporal_sigma_7,0.073777829,0.09869152,0.069484486
SIR-1S,48,delta_beta_temporal_sigma_8,0.102191365,0.140872928,0.110630222
SIR-1S,48,delta_beta_temporal_sigma_9,0.078628277,0.119054855,0.093978554
SIR-1S,48,delta_beta_temporal_sigma_10,0.102106438,0.127156846,0.116013121
SIR-1S,48,delta_beta_temporal_sigma_11,0.117808505,0.158782541,0.134928551
SIR-1S,49,rho_h_s_0,0.555025442,0.358485464,0.300756087
SIR-1S,49,rho_h_scale_0,0.002364505,0.005601802,0.005501618
SIR-1S,49,f_R_mu_0,0.306409347,0.358624811,0.351912183
SIR-1S,49,f_R_sigma_0,0.015500773,0.050876197,0.026846172
SIR-1S,49,f_I_s_0,1.362718577,0.544732336,0.425293978
SIR-1S,49,f_I_scale_0,2.64E-05,9.84E-05,8.45E-05
SIR-1S,49,beta_mu_0,0.481541237,0.467156704,0.466612427
SIR-1S,49,beta_sigma_0,0.006529783,0.021934412,0.011962625
SIR-1S,49,delta_beta_temporal_mu_0,-0.024449508,0.007845511,0.002620822
SIR-1S,49,delta_beta_temporal_mu_1,-0.001392607,0.001703189,0.002420148
SIR-1S,49,delta_beta_temporal_mu_2,0.03401113,0.077553739,0.086390967
SIR-1S,49,delta_beta_temporal_mu_3,0.075208582,0.091242739,0.105241783
SIR-1S,49,delta_beta_temporal_mu_4,0.136561778,0.257710247,0.249958288
SIR-1S,49,delta_beta_temporal_mu_5,-0.094525668,-0.074613562,-0.116524902
SIR-1S,49,delta_beta_temporal_mu_6,-0.076182752,-0.070102559,-0.067725137
SIR-1S,49,delta_beta_temporal_mu_7,0.041854425,0.015588242,0.014493485
SIR-1S,49,delta_beta_temporal_mu_8,0.004215868,0.001758243,-0.007661871
SIR-1S,49,delta_beta_temporal_mu_9,0.012833544,0.001162079,0.001043119
SIR-1S,49,delta_beta_temporal_mu_10,0.010827963,-0.002967013,-0.011829071
SIR-1S,49,delta_beta_temporal_mu_11,0.006923497,-0.003666626,-0.000103665
SIR-1S,49,delta_beta_temporal_sigma_0,0.009005184,0.032689508,0.033241959
SIR-1S,49,delta_beta_temporal_sigma_1,0.007943713,0.011728424,0.02314891
SIR-1S,49,delta_beta_temporal_sigma_2,0.014961826,0.02340487,0.041731253
SIR-1S,49,delta_beta_temporal_sigma_3,0.012713413,0.032402786,0.041722752
SIR-1S,49,delta_beta_temporal_sigma_4,0.01136988,0.039578199,0.035622201
SIR-1S,49,delta_beta_temporal_sigma_5,0.044782448,0.063133038,0.037100259
SIR-1S,49,delta_beta_temporal_sigma_6,0.029847621,0.05913724,0.041866427
SIR-1S,49,delta_beta_temporal_sigma_7,0.028772825,0.08210265,0.056685389
SIR-1S,49,delta_beta_temporal_sigma_8,0.006845057,0.037057597,0.025194815
SIR-1S,49,delta_beta_temporal_sigma_9,0.009768534,0.055964685,0.031970239
SIR-1S,49,delta_beta_temporal_sigma_10,0.002825124,0.018318834,0.015604879
SIR-1S,49,delta_beta_temporal_sigma_11,0.008289633,0.048185795,0.023026441
SIR-1S,50,rho_h_s_0,0.270705076,0.184414561,0.147604668
SIR-1S,50,rho_h_scale_0,0.003766721,0.008563251,0.007527379
SIR-1S,50,f_R_mu_0,0.297446888,0.349490546,0.348475769
SIR-1S,50,f_R_sigma_0,0.015899956,0.032259689,0.019571068
SIR-1S,50,f_I_s_0,0.828766493,0.255697759,0.153984088
SIR-1S,50,f_I_scale_0,2.65E-05,0.000101158,0.000104296
SIR-1S,50,beta_mu_0,0.473890009,0.470012237,0.474074686
SIR-1S,50,beta_sigma_0,0.004895827,0.00192235,0.012860902
SIR-1S,50,delta_beta_temporal_mu_0,-0.041924329,-0.059152939,-0.011433929
SIR-1S,50,delta_beta_temporal_mu_1,-0.024457738,-0.010405806,-0.004865804
SIR-1S,50,delta_beta_temporal_mu_2,-0.018440219,0.012519948,-0.011034147
SIR-1S,50,delta_beta_temporal_mu_3,0.017591688,0.056742135,0.002125942
SIR-1S,50,delta_beta_temporal_mu_4,0.05390677,0.041979388,0.12364793
SIR-1S,50,delta_beta_temporal_mu_5,0.008386331,0.028650605,0.004564767
SIR-1S,50,delta_beta_temporal_mu_6,0.01025328,0.023856465,0.002223856
SIR-1S,50,delta_beta_temporal_mu_7,0.050914776,0.052650173,0.02906141
SIR-1S,50,delta_beta_temporal_mu_8,0.032201837,0.015881839,0.016342892
SIR-1S,50,delta_beta_temporal_mu_9,0.019496343,0.004295412,-0.001355956
SIR-1S,50,delta_beta_temporal_mu_10,0.036249521,-0.018380755,-5.52E-05
SIR-1S,50,delta_beta_temporal_mu_11,0.012050568,-0.004743524,-0.001396368
SIR-1S,50,delta_beta_temporal_sigma_0,0.003796625,0.001760958,0.023183591
SIR-1S,50,delta_beta_temporal_sigma_1,0.008874093,0.038336955,0.027867342
SIR-1S,50,delta_beta_temporal_sigma_2,0.008238028,0.060820171,0.030746193
SIR-1S,50,delta_beta_temporal_sigma_3,0.022307061,0.027320221,0.026300646
SIR-1S,50,delta_beta_temporal_sigma_4,0.031644285,0.03554491,0.058419007
SIR-1S,50,delta_beta_temporal_sigma_5,0.011197052,0.049273835,0.028308253
SIR-1S,50,delta_beta_temporal_sigma_6,0.033463049,0.058677442,0.060197377
SIR-1S,50,delta_beta_temporal_sigma_7,0.035068769,0.073708902,0.056927232
SIR-1S,50,delta_beta_temporal_sigma_8,0.031672922,0.08496927,0.045049781
SIR-1S,50,delta_beta_temporal_sigma_9,0.020456722,0.058709195,0.038411187
SIR-1S,50,delta_beta_temporal_sigma_10,0.030778931,0.06334446,0.049049366
SIR-1S,50,delta_beta_temporal_sigma_11,0.015438998,0.039171464,0.035821641
SIR-1S,51,rho_h_s_0,0.173004152,0.099169974,0.130157196
SIR-1S,51,rho_h_scale_0,0.005246583,0.007376748,0.007462445
SIR-1S,51,f_R_mu_0,0.295379936,0.344701245,0.345677662
SIR-1S,51,f_R_sigma_0,0.004851505,0.026985421,0.012470848
SIR-1S,51,f_I_s_0,1.088536507,0.652486197,0.500411403
SIR-1S,51,f_I_scale_0,5.41E-05,0.000117769,9.78E-05
SIR-1S,51,beta_mu_0,0.459443297,0.468351429,0.472547729
SIR-1S,51,beta_sigma_0,0.008348097,0.009610801,0.010766222
SIR-1S,51,delta_beta_temporal_mu_0,-0.092629283,-0.055064771,-0.069211034
SIR-1S,51,delta_beta_temporal_mu_1,-0.010371891,0.001329628,0.01601809
SIR-1S,51,delta_beta_temporal_mu_2,0.018709927,0.023269829,0.055930589
SIR-1S,51,delta_beta_temporal_mu_3,0.047774687,0.043737935,0.041325155
SIR-1S,51,delta_beta_temporal_mu_4,0.232110486,0.271791818,0.307475403
SIR-1S,51,delta_beta_temporal_mu_5,-0.106796263,-0.116230036,-0.11289812
SIR-1S,51,delta_beta_temporal_mu_6,-0.041651627,0.009205206,-0.016722086
SIR-1S,51,delta_beta_temporal_mu_7,0.025079341,0.043812161,0.02902653
SIR-1S,51,delta_beta_temporal_mu_8,0.047638396,0.012093952,0.026534769
SIR-1S,51,delta_beta_temporal_mu_9,0.010631526,0.020258239,0.005175049
SIR-1S,51,delta_beta_temporal_mu_10,-0.037725306,-0.019850323,-0.046608236
SIR-1S,51,delta_beta_temporal_mu_11,0.020317197,0.016096943,0.002197793
SIR-1S,51,delta_beta_temporal_sigma_0,0.01319712,0.037658836,0.032659968
SIR-1S,51,delta_beta_temporal_sigma_1,0.016078224,0.045451357,0.023254983
SIR-1S,51,delta_beta_temporal_sigma_2,0.03969215,0.042531362,0.045305167
SIR-1S,51,delta_beta_temporal_sigma_3,0.013963831,0.01892076,0.022361648
SIR-1S,51,delta_beta_temporal_sigma_4,0.037577773,0.051996267,0.04332393
SIR-1S,51,delta_beta_temporal_sigma_5,0.003138406,0.02716417,0.01660893
SIR-1S,51,delta_beta_temporal_sigma_6,0.074867838,0.131278291,0.114701193
SIR-1S,51,delta_beta_temporal_sigma_7,0.056067568,0.089251504,0.076110091
SIR-1S,51,delta_beta_temporal_sigma_8,0.089490363,0.090999669,0.06185245
SIR-1S,51,delta_beta_temporal_sigma_9,0.021001037,0.005524065,0.028435307
SIR-1S,51,delta_beta_temporal_sigma_10,0.05207269,0.042502334,0.074049734
SIR-1S,51,delta_beta_temporal_sigma_11,0.057170658,0.05817503,0.041302241
SIR-1S,53,rho_h_s_0,0.171469657,0.161203168,0.108742888
SIR-1S,53,rho_h_scale_0,0.003565141,0.005477784,0.006430716
SIR-1S,53,f_R_mu_0,0.317478226,0.36107785,0.35775203
SIR-1S,53,f_R_sigma_0,0.021592141,0.035987738,0.024676
SIR-1S,53,f_I_s_0,1.2920034,0.639312184,0.359967295
SIR-1S,53,f_I_scale_0,3.77E-05,6.56E-05,6.87E-05
SIR-1S,53,beta_mu_0,0.473475812,0.473936671,0.466243227
SIR-1S,53,beta_sigma_0,0.008124104,0.020985886,0.012569449
SIR-1S,53,delta_beta_temporal_mu_0,-0.041818381,-0.033873514,-0.010815037
SIR-1S,53,delta_beta_temporal_mu_1,0.006377646,0.004570386,0.025011729
SIR-1S,53,delta_beta_temporal_mu_2,0.05082641,0.130148969,0.117631301
SIR-1S,53,delta_beta_temporal_mu_3,0.091110661,0.110242175,0.125933073
SIR-1S,53,delta_beta_temporal_mu_4,0.112379406,0.160631975,0.173989126
SIR-1S,53,delta_beta_temporal_mu_5,-0.080881868,-0.088446095,-0.046189671
SIR-1S,53,delta_beta_temporal_mu_6,-0.017921893,-0.010863767,0.001933357
SIR-1S,53,delta_beta_temporal_mu_7,0.035118789,0.045543894,0.033065688
SIR-1S,53,delta_beta_temporal_mu_8,-0.016825798,0.001890019,-0.008943674
SIR-1S,53,delta_beta_temporal_mu_9,-0.040636263,-0.021301488,-0.05932142
SIR-1S,53,delta_beta_temporal_mu_10,-0.001532569,0.026482569,-0.003134399
SIR-1S,53,delta_beta_temporal_mu_11,0.024314649,0.005132378,-0.010153336
SIR-1S,53,delta_beta_temporal_sigma_0,0.006175436,0.056722221,0.024988659
SIR-1S,53,delta_beta_temporal_sigma_1,0.024007578,0.045018291,0.035640523
SIR-1S,53,delta_beta_temporal_sigma_2,0.037486182,0.055200524,0.045723369
SIR-1S,53,delta_beta_temporal_sigma_3,0.041916441,0.054588823,0.05683392
SIR-1S,53,delta_beta_temporal_sigma_4,0.017066936,0.02083754,0.032744276
SIR-1S,53,delta_beta_temporal_sigma_5,0.084265751,0.073790606,0.055432999
SIR-1S,53,delta_beta_temporal_sigma_6,0.035728372,0.061184236,0.049908987
SIR-1S,53,delta_beta_temporal_sigma_7,0.056415907,0.110058996,0.093638727
SIR-1S,53,delta_beta_temporal_sigma_8,0.036601101,0.041085608,0.041877979
SIR-1S,53,delta_beta_temporal_sigma_9,0.06486436,0.089612139,0.058412192
SIR-1S,53,delta_beta_temporal_sigma_10,0.035117932,0.042060668,0.037023793
SIR-1S,53,delta_beta_temporal_sigma_11,0.015510605,0.024874221,0.029962081
SIR-1S,54,rho_h_s_0,0.233067972,0.251793613,0.195716852
SIR-1S,54,rho_h_scale_0,0.006183776,0.009161983,0.008177412
SIR-1S,54,f_R_mu_0,0.270998049,0.343862739,0.32358523
SIR-1S,54,f_R_sigma_0,0.010929945,0.033097524,0.019902566
SIR-1S,54,f_I_s_0,0.947719371,0.181215666,0.13405139
SIR-1S,54,f_I_scale_0,5.09E-06,4.26E-05,1.53E-05
SIR-1S,54,beta_mu_0,0.473924147,0.478820246,0.484687094
SIR-1S,54,beta_sigma_0,0.00412441,0.01905963,0.010591982
SIR-1S,54,delta_beta_temporal_mu_0,-0.046493801,-0.004512372,0.011182179
SIR-1S,54,delta_beta_temporal_mu_1,-0.034353446,-0.014169046,-0.021621877
SIR-1S,54,delta_beta_temporal_mu_2,-0.007044539,-0.030163313,-0.007273783
SIR-1S,54,delta_beta_temporal_mu_3,0.037500182,0.025982032,0.019109535
SIR-1S,54,delta_beta_temporal_mu_4,0.146030213,0.255586965,0.25427148
SIR-1S,54,delta_beta_temporal_mu_5,-0.087120886,-0.059496202,-0.102339875
SIR-1S,54,delta_beta_temporal_mu_6,-0.056658468,-0.032693782,-0.026226777
SIR-1S,54,delta_beta_temporal_mu_7,0.051795938,0.105283911,0.032085789
SIR-1S,54,delta_beta_temporal_mu_8,0.079867376,0.085891267,0.070034551
SIR-1S,54,delta_beta_temporal_mu_9,0.062931154,0.046941766,0.02741516
SIR-1S,54,delta_beta_temporal_mu_10,0.023981072,0.039593464,-0.004395855
SIR-1S,54,delta_beta_temporal_mu_11,0.003805789,-0.02316204,-0.017592093
SIR-1S,54,delta_beta_temporal_sigma_0,0.0047071,0.056237019,0.020672119
SIR-1S,54,delta_beta_temporal_sigma_1,0.002091317,0.035227855,0.012933551
SIR-1S,54,delta_beta_temporal_sigma_2,0.021018245,0.035721325,0.039829926
SIR-1S,54,delta_beta_temporal_sigma_3,0.024252889,0.030115794,0.038529977
SIR-1S,54,delta_beta_temporal_sigma_4,0.025171736,0.039292381,0.043846112
SIR-1S,54,delta_beta_temporal_sigma_5,0.023599682,0.032261611,0.032791122
SIR-1S,54,delta_beta_temporal_sigma_6,0.024270561,0.006279382,0.027291192
SIR-1S,54,delta_beta_temporal_sigma_7,0.077405441,0.080279274,0.071272652
SIR-1S,54,delta_beta_temporal_sigma_8,0.031363477,0.054683125,0.029190362
SIR-1S,54,delta_beta_temporal_sigma_9,0.009843414,0.036037806,0.033129612
SIR-1S,54,delta_beta_temporal_sigma_10,0.050821696,0.029286011,0.044449562
SIR-1S,54,delta_beta_temporal_sigma_11,0.015871718,0.050234492,0.032277427
SIR-1S,55,rho_h_s_0,0.311127151,0.352602789,0.280878182
SIR-1S,55,rho_h_scale_0,0.004236866,0.004594118,0.004937983
SIR-1S,55,f_R_mu_0,0.27841138,0.323441682,0.313388468
SIR-1S,55,f_R_sigma_0,0.013512169,0.034675419,0.015701681
SIR-1S,55,f_I_s_0,1.008294961,0.398595165,0.32833266
SIR-1S,55,f_I_scale_0,6.15E-06,1.63E-05,1.37E-05
SIR-1S,55,beta_mu_0,0.477159291,0.476173145,0.486379758
SIR-1S,55,beta_sigma_0,0.004133952,0.019294666,0.00807223
SIR-1S,55,delta_beta_temporal_mu_0,-0.052893018,-0.034263103,-0.018542305
SIR-1S,55,delta_beta_temporal_mu_1,-0.032688383,-0.027683525,-0.035683181
SIR-1S,55,delta_beta_temporal_mu_2,0.020388696,0.006683162,0.023314264
SIR-1S,55,delta_beta_temporal_mu_3,0.062739852,0.040888298,0.051754679
SIR-1S,55,delta_beta_temporal_mu_4,0.136103978,0.106518438,0.153132138
SIR-1S,55,delta_beta_temporal_mu_5,-0.089987206,-0.060356384,-0.073749527
SIR-1S,55,delta_beta_temporal_mu_6,-0.074037759,-0.011465034,-0.036582497
SIR-1S,55,delta_beta_temporal_mu_7,0.05118258,0.063428035,0.070106103
SIR-1S,55,delta_beta_temporal_mu_8,0.056760148,0.070855283,0.053782756
SIR-1S,55,delta_beta_temporal_mu_9,0.038772095,0.041510355,0.036970649
SIR-1S,55,delta_beta_temporal_mu_10,0.031625466,0.022094001,0.033656862
SIR-1S,55,delta_beta_temporal_mu_11,0.025342073,0.069648371,0.017464727
SIR-1S,55,delta_beta_temporal_sigma_0,0.023580326,0.037170554,0.038391578
SIR-1S,55,delta_beta_temporal_sigma_1,0.013955268,0.046296612,0.024323493
SIR-1S,55,delta_beta_temporal_sigma_2,0.04021102,0.060066267,0.046641416
SIR-1S,55,delta_beta_temporal_sigma_3,0.009025019,0.021532162,0.02862996
SIR-1S,55,delta_beta_temporal_sigma_4,0.066478957,0.068750459,0.089846697
SIR-1S,55,delta_beta_temporal_sigma_5,0.029850779,0.026770659,0.042359775
SIR-1S,55,delta_beta_temporal_sigma_6,0.091022675,0.128486339,0.119978795
SIR-1S,55,delta_beta_temporal_sigma_7,0.027702457,0.033465012,0.023959974
SIR-1S,55,delta_beta_temporal_sigma_8,0.034856528,0.041057067,0.030320756
SIR-1S,55,delta_beta_temporal_sigma_9,0.065467216,0.058643652,0.040444937
SIR-1S,55,delta_beta_temporal_sigma_10,0.067428983,0.061152914,0.040827524
SIR-1S,55,delta_beta_temporal_sigma_11,0.024215184,0.032252582,0.029779818
SIR-1S,56,rho_h_s_0,0.256522942,0.166609158,0.11990671
SIR-1S,56,rho_h_scale_0,0.005331233,0.011041932,0.013388697
SIR-1S,56,f_R_mu_0,0.28419266,0.34457412,0.347417906
SIR-1S,56,f_R_sigma_0,0.012141996,0.039923609,0.016246957
SIR-1S,56,f_I_s_0,0.76219275,0.32096676,0.154827988
SIR-1S,56,f_I_scale_0,3.61E-05,8.18E-05,0.000120124
SIR-1S,56,beta_mu_0,0.470982045,0.479140262,0.471379262
SIR-1S,56,beta_sigma_0,0.001967304,0.013784286,0.009851044
SIR-1S,56,delta_beta_temporal_mu_0,-0.031663895,-0.019972845,-0.014665755
SIR-1S,56,delta_beta_temporal_mu_1,-0.017524682,-0.010064724,0.004491669
SIR-1S,56,delta_beta_temporal_mu_2,0.002851455,0.000634637,0.011864229
SIR-1S,56,delta_beta_temporal_mu_3,0.032926562,-3.98E-05,0.054496895
SIR-1S,56,delta_beta_temporal_mu_4,0.072968591,0.122273232,0.174684709
SIR-1S,56,delta_beta_temporal_mu_5,-0.033147754,-0.047786086,-0.027694721
SIR-1S,56,delta_beta_temporal_mu_6,-0.028358728,-0.008955605,-0.052967474
SIR-1S,56,delta_beta_temporal_mu_7,0.053803625,0.034578597,0.043478654
SIR-1S,56,delta_beta_temporal_mu_8,0.044255178,-0.01331024,-0.000702278
SIR-1S,56,delta_beta_temporal_mu_9,0.02702225,-0.004363864,-0.012474356
SIR-1S,56,delta_beta_temporal_mu_10,0.015345023,0.00809558,-0.002470814
SIR-1S,56,delta_beta_temporal_mu_11,0.004111627,-0.0018703,-0.009960218
SIR-1S,56,delta_beta_temporal_sigma_0,0.0044725,0.010643032,0.02999498
SIR-1S,56,delta_beta_temporal_sigma_1,0.01211603,0.056065138,0.035656306
SIR-1S,56,delta_beta_temporal_sigma_2,0.012854203,0.066589756,0.028834028
SIR-1S,56,delta_beta_temporal_sigma_3,0.023308778,0.045280501,0.045811227
SIR-1S,56,delta_beta_temporal_sigma_4,0.016017764,0.074797188,0.038797472
SIR-1S,56,delta_beta_temporal_sigma_5,0.0162291,0.048184268,0.042663311
SIR-1S,56,delta_beta_temporal_sigma_6,0.02991293,0.043900296,0.088520696
SIR-1S,56,delta_beta_temporal_sigma_7,0.016510191,0.0458842,0.052980165
SIR-1S,56,delta_beta_temporal_sigma_8,0.021999636,0.046910051,0.044241481
SIR-1S,56,delta_beta_temporal_sigma_9,0.018042486,0.061889638,0.043511186
SIR-1S,56,delta_beta_temporal_sigma_10,0.008213462,0.05559737,0.025573556
SIR-1S,56,delta_beta_temporal_sigma_11,0.014821838,0.042644995,0.033505108
SIR-1S,72,rho_h_s_0,0.456758794,0.246009108,0.1348561
SIR-1S,72,rho_h_scale_0,0.012075138,0.015287788,0.017237048
SIR-1S,72,f_R_mu_0,0.242313787,0.327223479,0.322949745
SIR-1S,72,f_R_sigma_0,0.057596068,0.073558336,0.054005127
SIR-1S,72,f_I_s_0,2.623802107,1.187405392,0.929720717
SIR-1S,72,f_I_scale_0,0.000125154,0.00015735,0.000210977
SIR-1S,72,beta_mu_0,0.429936396,0.461295413,0.453130938
SIR-1S,72,beta_sigma_0,0.018475964,0.022646251,0.014795587
SIR-1S,72,delta_beta_temporal_mu_0,-0.04215964,0.012757209,-0.022025563
SIR-1S,72,delta_beta_temporal_mu_1,0.047463483,-0.013165268,0.010760679
SIR-1S,72,delta_beta_temporal_mu_2,-0.019368846,-0.050714178,-0.005391945
SIR-1S,72,delta_beta_temporal_mu_3,-0.056335996,-0.112885566,-0.06548966
SIR-1S,72,delta_beta_temporal_mu_4,0.019981801,0.005899654,0.020608478
SIR-1S,72,delta_beta_temporal_mu_5,-0.008925107,-0.002016988,-0.012850003
SIR-1S,72,delta_beta_temporal_mu_6,-0.122597015,-0.154915983,-0.115301713
SIR-1S,72,delta_beta_temporal_mu_7,-0.021208979,-0.003606669,-0.017670309
SIR-1S,72,delta_beta_temporal_mu_8,0.005186412,-0.019794735,-0.014896797
SIR-1S,72,delta_beta_temporal_mu_9,0.047362075,0.04019417,0.027927412
SIR-1S,72,delta_beta_temporal_mu_10,-0.008256241,-0.027257514,-0.023573144
SIR-1S,72,delta_beta_temporal_mu_11,0.068839609,0.016072219,0.026165973
SIR-1S,72,delta_beta_temporal_sigma_0,0.053736853,0.042215536,0.072007449
SIR-1S,72,delta_beta_temporal_sigma_1,0.065140244,0.06155942,0.049302593
SIR-1S,72,delta_beta_temporal_sigma_2,0.083179639,0.02863721,0.070080516
SIR-1S,72,delta_beta_temporal_sigma_3,0.067311116,0.039975198,0.059961128
SIR-1S,72,delta_beta_temporal_sigma_4,0.078968568,0.037038637,0.040691894
SIR-1S,72,delta_beta_temporal_sigma_5,0.02838828,0.033815179,0.028429792
SIR-1S,72,delta_beta_temporal_sigma_6,0.143044054,0.154197074,0.121433918
SIR-1S,72,delta_beta_temporal_sigma_7,0.083392794,0.103132586,0.064876407
SIR-1S,72,delta_beta_temporal_sigma_8,0.047846518,0.049662174,0.032492452
SIR-1S,72,delta_beta_temporal_sigma_9,0.045660158,0.046607361,0.033453812
SIR-1S,72,delta_beta_temporal_sigma_10,0.074588458,0.047839447,0.030520188
SIR-1S,72,delta_beta_temporal_sigma_11,0.056425635,0.043801994,0.037065531